Unnamed: 0,Activity,Opened,RID,St,Type,Sc,SIC_x,NAICS_x,Vio,Establishment Name,query,query_start,query_end,Case Status,Inspection Nr,Report ID,Open Date,Site Address,Mailing Address,Union Status,SIC_y,NAICS_y,Inspection Type,Scope,Advanced Notice,Ownership,Safety/Health,Close Conference,Emphasis,Close Case,activity_code_x,Investigation Nr,Event,investigation_summary_notes_1,Inspection Information - Office,investigation_summary_notes_2,investigation_summary_notes_3,Keywords,Note,Planning Guide,Violations/Penalties,Serious,Willful,Repeat,Other,Unclass,Total,activity_code_y
3,1633901.015,11/03/2022,854910,UT,Accident,Partial,,311812,1,The Kroger Co.,Kroger,2012-12-31,2022-12-31,CLOSED,1633901.015,854910,11/03/2022,"The Kroger Co.
			   500 N Sugar St. #5Layton, UT 84041","500 N Sugar St. #5, Layton, UT 84041",NonUnion,,311812/Commercial Bakeries,Accident,Partial,N,Private,Safety,12/01/2022,N,12/20/2022,1633901.015,,,,,,,,,,Current Penalty,"$2,250",$0,$0,$0,$0,"$2,250",1633901.015
8,1621876.015,09/14/2022,626700,TX,Planned,Partial,,445110,1,Kroger Texas L.P.,Kroger,2012-12-31,2022-12-31,CLOSED,1621876.015,626700,09/14/2022,"Kroger Texas L.P.
			   16400 El Camino RealHouston, TX 77062","16400 El Camino Real, Houston, TX 77062",Union,,445110/Supermarkets and Other Grocery (except Convenience) Stores,Planned,Partial,N,Private,Health,09/14/2022,P,11/29/2022,1621876.015,,,,,,,,,,Current Penalty,$0,$0,$0,"$2,796",$0,"$2,796",1621876.015
13,1614916.015,08/16/2022,316400,WV,Referral,Partial,,445110,2,Kroger Limited Partnership 1,Kroger,2012-12-31,2022-12-31,CLOSED,1614916.015,316400,08/16/2022,"Kroger Limited Partnership 1
			   550  Delaware AveCharleston, WV 25302","500 Delaware Ave, Charleston, WV 25302",Union,,445110/Supermarkets and Other Grocery (except Convenience) Stores,Referral,Partial,N,Private,Safety,08/16/2022,N,10/05/2022,1614916.015,,,,,,,,,,Current Penalty,"$24,862",$0,$0,$0,$0,"$24,862",1614916.015
18,1613884.015,08/09/2022,830600,CO,Complaint,Partial,,424410,1,The Kroger Co.,Kroger,2012-12-31,2022-12-31,CLOSED,1613884.015,830600,08/09/2022,"The Kroger Co.
			   6030 Stetson Hills BlvdColorado Springs, CO 80922","65 Tejon Street, Denver, CO 80223",Union,,424410/General Line Grocery Merchant Wholesalers,Complaint,Partial,N,Private,Safety,08/09/2022,,12/05/2022,1613884.015,,,,,,,,,,Current Penalty,$0,$0,$414,$0,$0,$414,1613884.015
23,1590209.015,04/13/2022,854910,UT,Complaint,Partial,,493110,1,The Kroger Co.,Kroger,2012-12-31,2022-12-31,CLOSED,1590209.015,854910,04/13/2022,"The Kroger Co.
			   500 N Sugar StreetLayton, UT 84041","500 N Sugar Street, Layton, UT 84041",NonUnion,,493110/General Warehousing and Storage,Complaint,Partial,N,Private,Safety,04/13/2022,,06/01/2022,1590209.015,,,,,,,,,,Current Penalty,"$2,250",$0,$0,$0,$0,"$2,250",1590209.015
28,1589516.015,04/12/2022,452110,KY,Complaint,Partial,5411.0,445110,1,64875 - The Kroger Co,Kroger,2012-12-31,2022-12-31,OPEN,1589516.015,452110,04/12/2022,"64875 - The Kroger Co
			   1700 Declaration DriveIndependence, KY 41051","11310 Cornell Park Drive, Montgomery, OH 45242",Union,5411.0,445110/Supermarkets and Other Grocery (except Convenience) Stores,Complaint,Partial,N,Private,Safety,10/04/2022,,,1589516.015,,,,,,,,,,Current Penalty,"$7,000",$0,$0,$0,$0,"$7,000",1589516.015
33,1585255.015,03/23/2022,524500,IL,Complaint,Partial,,445110,2,The Kroger Co.,Kroger,2012-12-31,2022-12-31,CLOSED,1585255.015,524500,03/23/2022,"The Kroger Co.
			   801 West Lake AvenuePeoria, IL 61614","5960 Castleway West Drive, Indianapolis, IN 46250",NonUnion,,445110/Supermarkets and Other Grocery (except Convenience) Stores,Complaint,Partial,N,Private,Safety,03/23/2022,L,09/15/2022,1585255.015,,,,,,,,,,Current Penalty,"$12,762",$0,$0,$0,$0,"$12,762",1585255.015
38,1578451.015,02/15/2022,524500,IL,Fat/Cat,Partial,,445110,1,The Kroger Co.,Kroger,2012-12-31,2022-12-31,CLOSED,1578451.015,524500,02/15/2022,"The Kroger Co.
			   201 South Main StreetEast Peoria, IL 61611","5960 Casteway West Drive, Indianapolis, IN 46250",Union,,445110/Supermarkets and Other Grocery (except Convenience) Stores,Fat/Cat,Partial,N,Private,Safety,02/15/2022,N,07/26/2022,1578451.015,143760.015,02/12/2022,Employee With Covid-19 Infection Dies,Peoria, ,"On February 12, 2022, an employee who had worked as a Grocery Department Associa te for 30 years at a grocery store died from COVID-19 while in the hospital. The employee last worked on January 19, 2022. On January 20, 2022, the employee did not feel well and went to get a COVID-19 Test. On January 22, 2022, the employe e recieved a positive test result and did not return to work. The date, time and other details leading up to exposure are not indicated in the narrative. Inform ation regarding engineering, administrative and personal protective equipment co ntrols for COVID-19 are also not included in the narrative.",infectious disease,,,Current Penalty,$0,$0,$0,"$1,595",$0,"$1,595",1578451.015
43,1577632.015,02/10/2022,626700,TX,Planned,Complete,,445110,2,The Kroger Co.,Kroger,2012-12-31,2022-12-31,CLOSED,1577632.015,626700,02/10/2022,"The Kroger Co.
			   6200 Highway 6Missouri City, TX 77459","6200 Highway 6, Missouri City, TX 77459",Union,,445110/Supermarkets and Other Grocery (except Convenience) Stores,Planned,Complete,N,Private,Health,02/10/2022,P,08/09/2022,1577632.015,,,,,,,,,,Current Penalty,"$23,246",$0,$0,$0,$0,"$23,246",1577632.015
48,1573131.015,01/18/2022,626700,TX,Referral,Partial,,445110,1,Kroger # 336,Kroger,2012-12-31,2022-12-31,CLOSED,1573131.015,626700,01/18/2022,"Kroger # 336
			   22150 Westheimer ParkwayKaty, TX 77450","22150 Westheimer Parkway, Katy, TX 77450",NonUnion,,445110/Supermarkets and Other Grocery (except Convenience) Stores,Referral,Partial,N,Private,Safety,01/18/2022,,05/26/2022,1573131.015,142831.015,01/13/2022,Employee Amputates Thumb On Meat Slicing Machine,Houston South, ,"At 7:00 a.m. on January 13, 2022, Employee #1 was using a Biro meat saw to cut r ound eye steaks. Employee #1 was in the process of cutting round eye steaks, whe n he sustained an avulsion to the tip of his left thumb.  The guard of the saw w as not adjusted to the width of the meat.  The employee was transported to the h ospital, where he received medical treatment for the severe laceration on the ti p of the left  thumb. The employee was hospitalized.","amputated, amputation, avulsion, hand, laceration, machine guarding, meat slicing machine, thumb",,,Current Penalty,$0,$0,$0,"$8,701",$0,"$8,701",1573131.015
53,1574261.015,01/18/2022,636900,TX,Referral,Partial,,424410,1,Kroger Distribution Center Warehouse,Kroger,2012-12-31,2022-12-31,CLOSED,1574261.015,636900,01/18/2022,"Kroger Distribution Center Warehouse
			   5801 Kroger DriveKeller, TX 76244","5801 Kroger Drive, Keller, TX 76244",NonUnion,,424410/General Line Grocery Merchant Wholesalers,Referral,Partial,N,Private,Safety,01/18/2022,,02/10/2022,1574261.015,143046.015,01/18/2022,Employee Fractures Foot And Ankle In Pallet Jack Collision,Fort Worth, ,"At 10:08 a.m. on January 18, 2022, an employee was driving a motorized pallet ja ck and was returning to his work area to begin a new order when he lost control of the jack and collided with a stack of product. The employee's foot was pinned between the jack and the stack of product. The employee was hospitalized to tre at fractures of his left foot and right ankle.","ankle, blunt force, blunt force trauma, caught between, collision, crushed, driving, foot, lost control, pallet jack, pinned, powered industrial vehicle, storage rack",,,Current Penalty,$0,$0,$0,"$3,729",$0,"$3,729",1574261.015
58,1563362.015,11/12/2021,626300,TX,Complaint,Partial,,445110,1,Kroger,Kroger,2012-12-31,2022-12-31,OPEN,1563362.015,626300,11/12/2021,"Kroger
			   3305 North Dallas ParkwayPlano, TX 75093","3305 North Dallas Parkway, Plano, TX 75093",NonUnion,,445110/Supermarkets and Other Grocery (except Convenience) Stores,Complaint,Partial,N,Private,Health,11/12/2021,,,1563362.015,,,,,,,,,,Current Penalty,$0,$0,$0,"$9,284",$0,"$9,284",1563362.015
63,1562806.015,11/09/2021,626600,TX,Referral,Partial,,445110,3,The Kroger Company,Kroger,2012-12-31,2022-12-31,CLOSED,1562806.015,626600,11/09/2021,"The Kroger Company
			   701 GellhornHouston, TX 77029","701 Gellhorn, Houston, TX 77029",NonUnion,,445110/Supermarkets and Other Grocery (except Convenience) Stores,Referral,Partial,N,Private,Safety,11/09/2021,,07/25/2022,1562806.015,140957.015,11/05/2021,Employee  Incurs Contusion On Head And Fractures Ribs While,Houston North, ,"At approximately 8:30 p.m. on November 5, 2021, an employee was operating a Crow n model 5545 reach truck (Serial Number 1A410572).  The employee was tasked by h is supervisor to lift scrap metal from a dumpster using a steel chain fastened t o the lifting forks.  The chain was hanging down from the lifting forks and coul d swing freely.  The dumpster was located outside, near a railroad track with a paved surface area with an approximate 8 degree incline.  The height of the dump ster was approximately 5 feet.  The approximate weight of the scrap metal was de termined by the employer to be approximately 1,700 lbs.  When the reach truck wa s turned sideways on the 8 degree inclined paved surface, this would have result ed in the scrap metal being swung out approximately 16 degrees from centerline o f the reach truck (physics law of pendulum motion).   This movement surged appro ximately 1,700 lbs. in weight from the center line of the reach truck at approxi mately 6 feet in height. The employee suffered a contusion on the head and five broken ribs on his left side after hitting the concrete/asphalt pavement.  The e mployee was hospitalized to treat these injuries.","contusion, dumpster, forks, fracture, head, rib, scrap metal",,,Current Penalty,"$29,004",$0,$0,$0,$0,"$29,004",1562806.015
68,1562838.015,11/09/2021,953220,NV,Planned,Complete,,493120,3,The Kroger Co.,Kroger,2012-12-31,2022-12-31,CLOSED,1562838.015,953220,11/09/2021,"The Kroger Co.
			   1775 Raider WayHenderson, NV 89044","1775 Raider Way, Henderson, NV 89044",NonUnion,,493120/Refrigerated Warehousing and Storage,Planned,Complete,N,Private,Safety,11/09/2021,P,07/06/2022,1562838.015,,,,,,,,,,Current Penalty,"$16,984",$0,$0,$0,$0,"$16,984",1562838.015
73,1560404.015,10/26/2021,452110,KY,Complaint,Partial,5411.0,445110,1,64350 - The Kroger Co,Kroger,2012-12-31,2022-12-31,CLOSED,1560404.015,452110,10/26/2021,"64350 - The Kroger Co
			   7685 Mall RoadFlorence, KY 41042","7685 Mall Road, Florence, KY 41042",Union,5411.0,445110/Supermarkets and Other Grocery (except Convenience) Stores,Complaint,Partial,N,Private,Safety,03/18/2022,,06/20/2022,1560404.015,,,,,,,,,,Current Penalty,"$7,000",$0,$0,$0,$0,"$7,000",1560404.015
78,1558597.015,10/19/2021,552652,MI,Planned,Complete,,445110,2,The Kroger Co #888,Kroger,2012-12-31,2022-12-31,CLOSED,1558597.015,552652,10/19/2021,"The Kroger Co #888
			   6430 W SaginawLansing, MI 48917","6430 W Saginaw, Lansing, MI 48917",Union,,445110/Supermarkets and Other Grocery (except Convenience) Stores,Planned,Complete,N,Private,Safety,10/26/2021,P,12/21/2021,1558597.015,,,,,,,,,,Current Penalty,"$2,000",$0,$0,$0,$0,"$2,000",1558597.015
83,1557622.015,10/13/2021,452110,KY,Complaint,Partial,5411.0,445110,2,64291 - Kroger Limited Partnership I,Kroger,2012-12-31,2022-12-31,CLOSED,1557622.015,452110,10/13/2021,"64291 - Kroger Limited Partnership I
			   4101 Tates Creek RdLexington, KY 40517","4101 Tates Creek Rd, Lexington, KY 40502",Union,5411.0,445110/Supermarkets and Other Grocery (except Convenience) Stores,Complaint,Partial,N,Private,Safety,01/11/2022,,02/21/2022,1557622.015,,,,,,,,,,Current Penalty,$0,$0,$0,$0,$0,$0,1557622.015
88,1556415.015,10/06/2021,316400,WV,Complaint,Partial,,445110,1,The Kroger Company,Kroger,2012-12-31,2022-12-31,CLOSED,1556415.015,316400,10/06/2021,"The Kroger Company
			   2627 5th AveHuntington, WV 25702","2627 5th Ave, Huntington, WV 25702",Union,,445110/Supermarkets and Other Grocery (except Convenience) Stores,Complaint,Partial,N,Private,Safety,10/06/2021,,03/15/2022,1556415.015,,,,,,,,,,Current Penalty,"$4,931",$0,$0,$0,$0,"$4,931",1556415.015
93,1554404.015,09/21/2021,522500,OH,Referral,Partial,,424410,1,Kroger Great Lakes Regional Distribution Center,Kroger,2012-12-31,2022-12-31,CLOSED,1554404.015,522500,09/21/2021,"Kroger Great Lakes Regional Distribution Center
			   2000 Nutter Farms LaneDelaware, OH 43015","2000 Nutter Farms Lane, Delaware, OH 43015",Union,,424410/General Line Grocery Merchant Wholesalers,Referral,Partial,N,Private,Safety,11/17/2021,L,02/28/2022,1554404.015,,,,,,,,,,Current Penalty,$0,$0,$0,"$9,011",$0,"$9,011",1554404.015
98,1552894.015,09/15/2021,522000,OH,Referral,Partial,,445110,1,The Kroger Co.,Kroger,2012-12-31,2022-12-31,CLOSED,1552894.015,522000,09/15/2021,"The Kroger Co.
			   1637 East Us Highway 36Urbana, OH 43078",4111 Executive Parkway Attn,Union,,445110/Supermarkets and Other Grocery (except Convenience) Stores,Referral,Partial,N,Private,Safety,09/15/2021,N,01/06/2022,1552894.015,,,,,,,,,,Current Penalty,$0,$0,"$21,457",$0,$0,"$21,457",1552894.015
103,1551384.015,09/03/2021,454721,TN,Fat/Cat,Partial,,445110,5,Kroger Co. (The),Kroger,2012-12-31,2022-12-31,OPEN,1551384.015,454721,09/03/2021,"Kroger Co. (The)
			   3685 S Houston Levee RdCollierville, TN 38017","800 Ridgelake Blvd, Memphis, TN 38120",NonUnion,,445110/Supermarkets and Other Grocery (except Convenience) Stores,Fat/Cat,Partial,Y,Private,Health,01/11/2022,,,1551384.015,138840.015,09/02/2021,Employee With Covid-19 Infection Dies,Tenn Cmpl Hlth 1, ,"An employee was working at a supermarket. It was part of a large national chain. She worked as a baker in the bakery and delicatessen department. She made and p ackaged goods for retail sale. Her last day of work was August 26, 2021. She tes ted positive for COVID-19 the following day, August 27, 2021. At 1:00 p.m. on Se ptember 2, 2021, she died. On August 25, 2021, a coworker in the same department had reported a positive test result for COVID-19. The employee must have contra cted COVID-19 on or about August 26, 2021.",infectious disease,"The following inspection has not been indicated as closed. Please be aware that the information shown may change, e.g. violations may be added or deleted.  For open cases, in which a citation has been issued, the citation information may not be available for 5 days following receipt by the employer for Federal inspections or for 30 days following receipt by the employer for State inspections.",,Current Penalty,"$4,900",$0,$0,$700,$0,"$5,600",1551384.015
108,1550318.015,08/30/2021,854910,UT,Accident,Partial,,311812,1,The Kroger Company,Kroger,2012-12-31,2022-12-31,CLOSED,1550318.015,854910,08/30/2021,"The Kroger Company
			   500 N Sugar St. Bldg. 5Layton, UT 84041","500 N Sugar St. Bldg. 5, Layton, UT 84041",NonUnion,,311812/Commercial Bakeries,Accident,Partial,N,Private,Safety,09/14/2021,,11/12/2021,1550318.015,,,,,,,,,,Current Penalty,$0,$0,$0,$500,$0,$500,1550318.015
113,1549314.015,08/24/2021,418200,GA,Planned,Partial,,445110,1,The Kroger Co,Kroger,2012-12-31,2022-12-31,CLOSED,1549314.015,418200,08/24/2021,"The Kroger Co
			   6199 Highway 92 SAcworth, GA 30101","6199 Highway 92 S, Acworth, GA 30101",Union,,445110/Supermarkets and Other Grocery (except Convenience) Stores,Planned,Partial,N,Private,Health,08/24/2021,P,02/17/2022,1549314.015,,,,,,,,,,Current Penalty,$0,$0,$0,"$1,205",$0,"$1,205",1549314.015
118,1545938.015,08/05/2021,552652,MI,Planned,Complete,,445110,5,Kroger #424,Kroger,2012-12-31,2022-12-31,CLOSED,1545938.015,552652,08/05/2021,"Kroger #424
			   945 N Euclid AveBay City, MI 48706","945 N Euclid Ave, Bay City, MI 48706",Union,,445110/Supermarkets and Other Grocery (except Convenience) Stores,Planned,Complete,N,Private,Safety,08/19/2021,P,12/10/2021,1545938.015,,,,,,,,,,Current Penalty,"$5,200",$0,$0,$0,$0,"$5,200",1545938.015
123,1545533.015,08/02/2021,452110,KY,Complaint,Partial,5411.0,445110,1,64026 - Kroger Limited Partnership I,Kroger,2012-12-31,2022-12-31,OPEN,1545533.015,452110,08/02/2021,"64026 - Kroger Limited Partnership I
			   4501 Outer LoopOkolona, KY 40219","4501 Outer Loop, Okolona, KY 40219",Union,5411.0,445110/Supermarkets and Other Grocery (except Convenience) Stores,Complaint,Partial,N,Private,Health,08/13/2021,,,1545533.015,,,,,,,,,,Current Penalty,$0,$0,$0,"$2,975",$0,"$2,975",1545533.015
128,1544759.015,07/29/2021,950674,CA,FollowUp,Partial,,493120,2,The Kroger Co.,Kroger,2012-12-31,2022-12-31,CLOSED,1544759.015,950674,07/29/2021,"The Kroger Co.
			   2201 S. WilmingtonCompton, CA 90220","P. O. Box 54143, Los Angeles, CA 90054",Union,,493120/Refrigerated Warehousing and Storage,FollowUp,Partial,N,Private,Safety,10/14/2021,N,12/03/2021,1544759.015,,,,,,,,,,Current Penalty,$0,$0,"$3,750",$200,$0,"$3,950",1544759.015
133,1544772.015,07/28/2021,552652,MI,Planned,Complete,,445110,3,The Kroger Co,Kroger,2012-12-31,2022-12-31,CLOSED,1544772.015,552652,07/28/2021,"The Kroger Co
			   700 N State StDavison, MI 48423","700 N State St, Davison, MI 48423",Union,,445110/Supermarkets and Other Grocery (except Convenience) Stores,Planned,Complete,N,Private,Safety,08/27/2021,P,11/10/2021,1544772.015,,,,,,,,,,Current Penalty,"$4,000",$0,$0,$0,$0,"$4,000",1544772.015
138,1536267.015,06/14/2021,522500,OH,Complaint,Partial,,424410,1,Kroger Distribution Center,Kroger,2012-12-31,2022-12-31,CLOSED,1536267.015,522500,06/14/2021,"Kroger Distribution Center
			   2000 Nutter Farms LaneDelaware, OH 43015","2000 Nutter Farms Lane, Delaware, OH 43015",Union,,424410/General Line Grocery Merchant Wholesalers,Complaint,Partial,N,Private,Safety,06/14/2021,,10/26/2021,1536267.015,,,,,,,,,,Current Penalty,$0,$0,$0,"$6,632",$0,"$6,632",1536267.015
143,1532761.015,05/25/2021,729700,KS,Planned,Complete,,445110,2,Kroger,Kroger,2012-12-31,2022-12-31,CLOSED,1532761.015,729700,05/25/2021,"Kroger
			   1410 S Kansas AveNewton, KS 67114","1410 S Kansas Ave, Newton, KS 67114",NonUnion,,445110/Supermarkets and Other Grocery (except Convenience) Stores,Planned,Complete,N,Private,Health,05/25/2021,P,09/15/2021,1532761.015,,,,,,,,,,Current Penalty,"$10,824",$0,$0,$0,$0,"$10,824",1532761.015
148,1528016.015,04/29/2021,522500,OH,Complaint,Partial,,445110,2,Kroger #264,Kroger,2012-12-31,2022-12-31,CLOSED,1528016.015,522500,04/29/2021,"Kroger #264
			   1621 N Memorial Dr.Lancaster, OH 43130","1621 N Memorial Dr., Lancaster, OH 43130",Union,,445110/Supermarkets and Other Grocery (except Convenience) Stores,Complaint,Partial,N,Private,Safety,04/29/2021,P,01/12/2023,1528016.015,,,,,,,,,,Current Penalty,"$29,000",$0,$0,$0,$0,"$29,000",1528016.015
153,1526785.015,04/23/2021,454711,TN,Referral,Partial,,445110,1,Kroger Co. (The),Kroger,2012-12-31,2022-12-31,CLOSED,1526785.015,454711,04/23/2021,"Kroger Co. (The)
			   5079 Bledsoe RdMemphis, TN 38141","5079 Bledsoe Rd, Memphis, TN 38141",Union,,445110/Supermarkets and Other Grocery (except Convenience) Stores,Referral,Partial,N,Private,Safety,04/23/2021,,08/16/2022,1526785.015,,,,,,,,,,Current Penalty,"$2,800",$0,$0,$0,$0,"$2,800",1526785.015
158,1525589.015,04/16/2021,452110,KY,Complaint,Partial,5411.0,445110,1,63690 - Kroger Limited Partnership I,Kroger,2012-12-31,2022-12-31,CLOSED,1525589.015,452110,04/16/2021,"63690 - Kroger Limited Partnership I
			   545 Island Ford RdMadisonville, KY 42431","1600 Ormsby Station Ct., Louisville, KY 40223",Union,5411.0,445110/Supermarkets and Other Grocery (except Convenience) Stores,Complaint,Partial,N,Private,Safety,06/11/2021,,08/03/2021,1525589.015,,,,,,,,,,Current Penalty,$0,$0,$0,$0,$0,$0,1525589.015
163,1519797.015,03/16/2021,552652,MI,Referral,Partial,,445110,2,Kroger Inc #578,Kroger,2012-12-31,2022-12-31,CLOSED,1519797.015,552652,03/16/2021,"Kroger Inc #578
			   850 Monroe StMonroe, MI 48161","850 Monroe St, Monroe, MI 48161",Union,,445110/Supermarkets and Other Grocery (except Convenience) Stores,Referral,Partial,N,Private,Safety,04/06/2021,N,07/07/2021,1519797.015,,,,,,,,,,Current Penalty,"$12,400",$0,$0,$0,$0,"$12,400",1519797.015
168,1512755.015,02/02/2021,454711,TN,Referral,Partial,,493110,2,Kroger Co. (The),Kroger,2012-12-31,2022-12-31,CLOSED,1512755.015,454711,02/02/2021,"Kroger Co. (The)
			   5079 Bledsoe RoadMemphis, TN 38141","5079 Bledsoe Road, Memphis, TN 38141",Union,,493110/General Warehousing and Storage,Referral,Partial,N,Private,Safety,02/02/2021,,05/10/2021,1512755.015,,,,,,,,,,Current Penalty,"$2,720",$0,$0,"$2,720",$0,"$5,440",1512755.015
173,1507859.015,12/17/2020,950647,CA,Complaint,Partial,,445110,3,The Kroger Co. Dba Foods Co.,Kroger,2012-12-31,2022-12-31,CLOSED,1507859.015,950647,12/17/2020,"The Kroger Co. Dba Foods Co.
			   601 West Central AvenueLompoc, CA 93436","1100 W. Artesia Blvd, Compton, CA 90220",Union,,445110/Supermarkets and Other Grocery (except Convenience) Stores,Complaint,Partial,N,Private,Health,06/17/2021,,11/10/2021,1507859.015,,,,,,,,,,Current Penalty,$0,$0,$0,"$1,680",$0,"$1,680",1507859.015
178,1507033.015,12/17/2020,950635,CA,Unprog Rel,Partial,,445110,3,The Kroger Company,Kroger,2012-12-31,2022-12-31,OPEN,1507033.015,950635,12/17/2020,"The Kroger Company
			   500 North Pacific Coast HwyEl Segundo, CA 90245","500 North Pacific Coast Hwy, El Segundo, CA 90245",Union,,445110/Supermarkets and Other Grocery (except Convenience) Stores,Unprog Rel,Partial,N,Private,Health,06/10/2021,,,1507033.015,,,,,,,,,,Current Penalty,"$13,500",$0,$0,$0,$0,"$13,500",1507033.015
183,1496945.015,10/12/2020,452110,KY,Fat/Cat,Partial,5141.0,445110,2,63156 - Kroger Limited Partnership I,Kroger,2012-12-31,2022-12-31,CLOSED,1496945.015,452110,10/12/2020,"63156 - Kroger Limited Partnership I
			   4101 Tates Creek Centre DriveLexington, KY 40502","Attn Jeff Klumb     1600 Ormsby Station Ct, Louisville, KY 40223",Union,5141.0,445110/Supermarkets and Other Grocery (except Convenience) Stores,Fat/Cat,Partial,N,Private,Safety,11/10/2020,,04/01/2021,1496945.015,130246.015,10/08/2020,Employee Dies Of Heart Attack,Kentucky, ,"At 12:00 noon on October 12, 2020, an employee, a department manager, was workin g as a cashier in the wine and spirits department when he collapsed.  Emergency medical services were summoned and the employee regained consciousness briefly. He was taken to a local hospital, where he died of a heart attack.",heart attack,,,Current Penalty,$0,$0,"$16,320",$0,$0,"$16,320",1496945.015
188,1494405.015,10/01/2020,552652,MI,Complaint,Partial,,445110,3,Kroger #459,Kroger,2012-12-31,2022-12-31,CLOSED,1494405.015,552652,10/01/2020,"Kroger #459
			   7350 N Middlebelt RdWestland, MI 48185","7350 N Middlebelt Rd, Westland, MI 48185",Union,,445110/Supermarkets and Other Grocery (except Convenience) Stores,Complaint,Partial,N,Private,Health,12/09/2020,,03/01/2021,1494405.015,,,,,,,,,,Current Penalty,"$2,000",$0,$0,$400,$0,"$2,400",1494405.015
193,1493569.015,09/25/2020,552652,MI,Complaint,Partial,,445110,1,Kroger Fuel Center,Kroger,2012-12-31,2022-12-31,CLOSED,1493569.015,552652,09/25/2020,"Kroger Fuel Center
			   30200 GratiotRoseville, MI 48066","30200 Gratiot, Roseville, MI 48066",Union,,445110/Supermarkets and Other Grocery (except Convenience) Stores,Complaint,Partial,N,Private,Health,10/28/2020,,12/29/2020,1493569.015,,,,,,,,,,Current Penalty,"$6,300",$0,$0,$0,$0,"$6,300",1493569.015
198,1486257.015,07/30/2020,950641,CA,Complaint,Partial,,445110,3,The Kroger Company,Kroger,2012-12-31,2022-12-31,OPEN,1486257.015,950641,07/30/2020,"The Kroger Company
			   Ralphs Grocery Store #291 4760 W. Pico Blvd.Los Angeles, CA 90019","Environmental Health & Safety 1100 W. Artesia Blvd., Compton, CA 90220",Union,,445110/Supermarkets and Other Grocery (except Convenience) Stores,Complaint,Partial,N,Private,Health,01/26/2021,,,1486257.015,,,,,,,,,,Current Penalty,"$11,250",$0,$0,"$1,495",$0,"$12,745",1486257.015
203,1473291.015,04/27/2020,452110,KY,Complaint,Partial,5411.0,445110,1,62682 - The Kroger Co,Kroger,2012-12-31,2022-12-31,CLOSED,1473291.015,452110,04/27/2020,"62682 - The Kroger Co
			   381 Market Square DriveSardis, KY 41056","150 Tri-County Parkway, Springdale, OH 45246",Union,5411.0,445110/Supermarkets and Other Grocery (except Convenience) Stores,Complaint,Partial,N,Private,Safety,07/29/2020,,05/26/2021,1473291.015,,,,,,,,,,Current Penalty,$0,$0,$0,$0,$0,$0,1473291.015
208,1456562.015,01/17/2020,419400,MS,Referral,Partial,,445110,1,Kroger Limited Partnership I,Kroger,2012-12-31,2022-12-31,CLOSED,1456562.015,419400,01/17/2020,"Kroger Limited Partnership I
			   3095 Goodman Rd.Southaven, MS 38672","800 Ridge Lake Blvd, Memphis, TN 38120",NonUnion,,445110/Supermarkets and Other Grocery (except Convenience) Stores,Referral,Partial,N,Private,Safety,01/17/2020,,03/06/2020,1456562.015,123240.015,01/13/2020,Employee Fractures Leg In Fall While Loading Dishwasher,Jackson, ,"At 7:00 p.m. on January 13, 2020, an employee was loading a dishwasher in a supe rmarket when she lost her balance and fell to the floor. The employee was hospit alized to treat a fractured left leg.","blunt force, blunt force trauma, dishwasher, fall, fall on same level, floor, fracture, grocery store, leg, loading, lost balance",,,Current Penalty,$0,$0,$0,"$5,407",$0,"$5,407",1456562.015
213,1453170.015,01/06/2020,552652,MI,Complaint,Partial,,445110,2,Kroger Inc #578,Kroger,2012-12-31,2022-12-31,CLOSED,1453170.015,552652,01/06/2020,"Kroger Inc #578
			   850 Monroe StMonroe, MI 48161","850 Monroe St, Monroe, MI 48161",NonUnion,,445110/Supermarkets and Other Grocery (except Convenience) Stores,Complaint,Partial,N,Private,Health,02/21/2020,,04/07/2020,1453170.015,,,,,,,,,,Current Penalty,$0,$0,$0,$0,$0,$0,1453170.015
218,1444515.015,11/13/2019,552652,MI,Planned,Complete,,445110,5,The Kroger Company #409,Kroger,2012-12-31,2022-12-31,CLOSED,1444515.015,552652,11/13/2019,"The Kroger Company #409
			   12731 S SaginawGrand Blanc, MI 48439","40399 Grand River Ave., Novi, MI 48375",Union,,445110/Supermarkets and Other Grocery (except Convenience) Stores,Planned,Complete,N,Private,Safety,12/11/2019,P,01/05/2021,1444515.015,,,,,,,,,,Current Penalty,$0,$0,$600,$500,$0,"$1,100",1444515.015
223,1441027.015,10/17/2019,418200,GA,Referral,Partial,,311511,1,The Kroger Company,Kroger,2012-12-31,2022-12-31,CLOSED,1441027.015,418200,10/17/2019,"The Kroger Company
			   2121 Faulkner RoadAtlanta, GA 30324","2121 Faulkner Road, Atlanta, GA 30324",NonUnion,,311511/Fluid Milk Manufacturing,Referral,Partial,N,Private,Safety,10/17/2019,,04/15/2020,1441027.015,,,,,,,,,,Current Penalty,"$10,814",$0,$0,$0,$0,"$10,814",1441027.015
228,1434234.015,09/26/2019,627100,AR,Complaint,Partial,,445110,2,The Kroger Company,Kroger,2012-12-31,2022-12-31,CLOSED,1434234.015,627100,09/26/2019,"The Kroger Company
			   300 W. Service RdWest Memphis, AR 72301","300 W. Service Rd, West Memphis, AR 72301",Union,,445110/Supermarkets and Other Grocery (except Convenience) Stores,Complaint,Partial,N,Private,Health,10/07/2019,,02/21/2020,1434234.015,,,,,,,,,,Current Penalty,"$3,244",$0,$0,$0,$0,"$3,244",1434234.015
233,1422077.015,08/16/2019,552652,MI,Complaint,Partial,,445110,1,Kroger Store 424,Kroger,2012-12-31,2022-12-31,CLOSED,1422077.015,552652,08/16/2019,"Kroger Store 424
			   945 N Euclid AveBay City, MI 48706","945 N Euclid Ave, Bay City, MI 48706",Union,,445110/Supermarkets and Other Grocery (except Convenience) Stores,Complaint,Partial,N,Private,Health,09/06/2019,,08/26/2020,1422077.015,,,,,,,,,,Current Penalty,$0,$0,$0,$200,$0,$200,1422077.015
238,1421080.015,08/06/2019,418200,GA,Complaint,Partial,,445110,1,The Kroger Company,Kroger,2012-12-31,2022-12-31,CLOSED,1421080.015,418200,08/06/2019,"The Kroger Company
			   1524 Highway 16 WestGriffin, GA 30223","2175 Parklake Dr Ne, Atlanta, GA 30345",NonUnion,,445110/Supermarkets and Other Grocery (except Convenience) Stores,Complaint,Partial,N,Private,Safety,08/06/2019,,04/02/2020,1421080.015,,,,,,,,,,Current Penalty,$0,$0,$0,"$4,831",$0,"$4,831",1421080.015
243,1410948.015,06/21/2019,454712,TN,Complaint,Partial,,445110,1,Kroger Co. (The),Kroger,2012-12-31,2022-12-31,CLOSED,1410948.015,454712,06/21/2019,"Kroger Co. (The)
			   1203 Murfreesboro RdFranklin, TN 37064","1203 Murfreesboro Rd, Franklin, TN 37064",Union,,445110/Supermarkets and Other Grocery (except Convenience) Stores,Complaint,Partial,N,Private,Safety,06/21/2019,,09/25/2019,1410948.015,,,,,,,,,,Current Penalty,$0,$0,$0,$225,$0,$225,1410948.015
248,1408024.015,06/03/2019,316400,WV,Referral,Partial,,445110,3,The Kroger Company,Kroger,2012-12-31,2022-12-31,CLOSED,1408024.015,316400,06/03/2019,"The Kroger Company
			   1212 Lafayette AveMoundsville, WV 26041","1300 Lafayette Ave, Moundsville, WV 26041",Union,,445110/Supermarkets and Other Grocery (except Convenience) Stores,Referral,Partial,N,Private,Safety,06/03/2019,,08/26/2019,1408024.015,117097.015,05/27/2019,Employees Fractures Foot When Crushed Between Objects,Charleston, ,"At 1:00 a.m. on May 27, 2019, an employee was unloading trucks using a Crown PW series ""Walkie"" powered pallet jack and placing the pallets of produce into the produce cooler. The employee was operating the jack by walking in front of it wi th the forks pointing away from the direction of travel.  While exiting the prod uce cooler, the employee's foot got caught between the pallet jack and a steel b ollard on the corner of a deli case. The employee was hospitalized with factures to his left foot.","caught between, crushed, foot, fracture, jack, off loading, palletized cargo, truck",,,Current Penalty,"$16,670",$0,$0,$0,$0,"$16,670",1408024.015
253,1404431.015,05/30/2019,452110,KY,Complaint,Partial,5411.0,445110,4,60853 - Kroger Limited Partnership I Store 379,Kroger,2012-12-31,2022-12-31,CLOSED,1404431.015,452110,05/30/2019,"60853 - Kroger Limited Partnership I Store 379
			   9080 Taylorsville RdLouisville, KY 40299","1600 Ormsby Station Ct, Louisville, KY 40223",Union,5411.0,445110/Supermarkets and Other Grocery (except Convenience) Stores,Complaint,Partial,N,Private,Health,11/14/2019,,02/11/2020,1404431.015,,,,,,,,,,Current Penalty,"$13,600",$0,$0,$0,$0,"$13,600",1404431.015
258,1396920.015,04/30/2019,454712,TN,Planned,Complete,,445110,2,Kroger Co. (The),Kroger,2012-12-31,2022-12-31,CLOSED,1396920.015,454712,04/30/2019,"Kroger Co. (The)
			   2050 Lasscassass PikeMurfreesboro, TN 37130","2050 Lasscassass Pike, Murfreesboro, TN 37130",Union,,445110/Supermarkets and Other Grocery (except Convenience) Stores,Planned,Complete,N,Private,Safety,04/30/2019,P,08/22/2019,1396920.015,,,,,,,,,,Current Penalty,"$2,400",$0,$0,$200,$0,"$2,600",1396920.015
263,1386097.015,03/19/2019,454722,TN,Complaint,Partial,,445110,1,Kroger Co. (The),Kroger,2012-12-31,2022-12-31,CLOSED,1386097.015,454722,03/19/2019,"Kroger Co. (The)
			   4120 N Mount Juliet RoadMount Juliet, TN 37122","4120 N Mount Juliet Road, Mount Juliet, TN 37122",Union,,445110/Supermarkets and Other Grocery (except Convenience) Stores,Complaint,Partial,N,Private,Health,03/19/2019,S,09/24/2019,1386097.015,,,,,,,,,,Current Penalty,$0,$0,$0,$0,$0,$0,1386097.015
268,1397761.015,03/18/2019,551800,IN,Referral,Partial,5411.0,445110,3,109548 - Kroger,Kroger,2012-12-31,2022-12-31,CLOSED,1397761.015,551800,03/18/2019,"109548 - Kroger
			   1330 West Southport RoadGreenwood, IN 46143","1330 West Southport Road, Indianapolis, IN 46201",Union,5411.0,445110/Supermarkets and Other Grocery (except Convenience) Stores,Referral,Partial,N,Private,Safety,03/18/2019,,09/19/2019,1397761.015,,,,,,,,,,Current Penalty,"$7,000",$0,$0,$0,$0,"$7,000",1397761.015
273,1380506.015,02/25/2019,552652,MI,Planned,Complete,,445110,1,The Kroger Co Of Michigan #715,Kroger,2012-12-31,2022-12-31,CLOSED,1380506.015,552652,02/25/2019,"The Kroger Co Of Michigan #715
			   1215 24th St.Port Huron, MI 48060","1215 24th St., Port Huron, MI 48060",Union,,445110/Supermarkets and Other Grocery (except Convenience) Stores,Planned,Complete,N,Private,Safety,02/25/2019,S,05/06/2019,1380506.015,,,,,,,,,,Current Penalty,$0,$0,$0,$0,$0,$0,1380506.015
278,1380723.015,02/25/2019,728900,NE,Complaint,Partial,,445110,1,Kroger Company,Kroger,2012-12-31,2022-12-31,CLOSED,1380723.015,728900,02/25/2019,"Kroger Company
			   17370 Lakeside Hills PlazaOmaha, NE 68130","1014 Vine St., Cincinnati, OH 45202",NonUnion,,445110/Supermarkets and Other Grocery (except Convenience) Stores,Complaint,Partial,N,Private,Safety,02/25/2019,L,07/18/2019,1380723.015,,,,,,,,,,Current Penalty,"$8,335",$0,$0,$0,$0,"$8,335",1380723.015
283,1381283.015,02/21/2019,452110,KY,Referral,Partial,5411.0,445110,4,60566 - Kroger Limited Partnership I Dba Kroger Store 763,Kroger,2012-12-31,2022-12-31,OPEN,1381283.015,452110,02/21/2019,"60566 - Kroger Limited Partnership I Dba Kroger Store 763
			   520 N. 35th St.Louisville, KY 40212","520 N. 35th St., Louisville, KY 40212",Union,5411.0,445110/Supermarkets and Other Grocery (except Convenience) Stores,Referral,Partial,N,Private,Safety,04/03/2019,,,1381283.015,,,,,,,,,,Current Penalty,"$15,500",$0,$0,$0,$0,"$15,500",1381283.015
288,1374129.015,01/17/2019,355118,VA,Complaint,Partial,,445110,2,Kroger,Kroger,2012-12-31,2022-12-31,CLOSED,1374129.015,355118,01/17/2019,"Kroger
			   7223 Williamson RoadRoanoke, VA 24019","7223 Williamson Road, Roanoke, VA 24019",Union,,445110/Supermarkets and Other Grocery (except Convenience) Stores,Complaint,Partial,N,Private,Safety,01/17/2019,,03/22/2019,1374129.015,,,,,,,,,,Current Penalty,$0,$0,$0,"$4,029",$0,"$4,029",1374129.015
293,1370084.015,01/10/2019,551800,IN,Complaint,Partial,5411.0,445110,4,109287 - Kroger,Kroger,2012-12-31,2022-12-31,CLOSED,1370084.015,551800,01/10/2019,"109287 - Kroger
			   1034 State Road 229 NorthBatesville, IN 47006","1034 State Road 229 North, Batesville, IN 47006",Union,5411.0,445110/Supermarkets and Other Grocery (except Convenience) Stores,Complaint,Partial,N,Private,Safety,01/22/2019,,04/12/2019,1370084.015,,,,,,,,,,Current Penalty,"$11,000",$0,$0,$0,$0,"$11,000",1370084.015
298,1368405.015,12/28/2018,522000,OH,Complaint,Partial,,445110,1,The Kroger Co.,Kroger,2012-12-31,2022-12-31,CLOSED,1368405.015,522000,12/28/2018,"The Kroger Co.
			   1001 Cherry StreetBlanchester, OH 45107","1001 Cherry Street, Blanchester, OH 45107",Union,,445110/Supermarkets and Other Grocery (except Convenience) Stores,Complaint,Partial,N,Private,Safety,12/28/2018,L,02/04/2019,1368405.015,,,,,,,,,,Current Penalty,"$9,054",$0,$0,$0,$0,"$9,054",1368405.015
303,1366308.015,12/14/2018,452110,KY,Fat/Cat,Partial,5411.0,445110,1,60438 - The Kroger Co - Store L916,Kroger,2012-12-31,2022-12-31,CLOSED,1366308.015,452110,12/14/2018,"60438 - The Kroger Co - Store L916
			   1187 N Hwy 27Whitley City, KY 42653","Po Box 547, Whitley City, KY 42653",Union,5411.0,445110/Supermarkets and Other Grocery (except Convenience) Stores,Fat/Cat,Partial,N,Private,Health,12/14/2018,,08/23/2019,1366308.015,111841.015,12/13/2018,Employee Suffers Seizure And Later Dies,Kentucky, ,"On December 13, 2018, an employee was acting anxious and unbalanced.  The employ ee's manager told him to take a break but the employee still seemed unbalanced. The manager had the employee's father pick him up and take him to the hospita l, where the employee suffered a seizure and subsequently died.",brain,,,Current Penalty,$0,$0,$0,$500,$0,$500,1366308.015
308,1363953.015,12/05/2018,454712,TN,Planned,Complete,,445110,7,Kroger Co (The),Kroger,2012-12-31,2022-12-31,CLOSED,1363953.015,454712,12/05/2018,"Kroger Co (The)
			   8141 Hwy 100Nashville, TN 37221","2620 Elm Hill Pike, Nashville, TN 37214",Union,,445110/Supermarkets and Other Grocery (except Convenience) Stores,Planned,Complete,N,Private,Safety,12/05/2018,P,03/06/2019,1363953.015,,,,,,,,,,Current Penalty,"$7,200",$0,$0,"$2,925",$0,"$10,125",1363953.015
313,1361023.015,11/16/2018,452110,KY,Fat/Cat,Partial,5411.0,445110,2,60368 - Kroger Limited Partnership I,Kroger,2012-12-31,2022-12-31,CLOSED,1361023.015,452110,11/16/2018,"60368 - Kroger Limited Partnership I
			   3158 Dixie HighwayErlanger, KY 41018","Attn Sean Oconnor     150 Tri County Parkway, Springdale, OH 45246",Union,5411.0,445110/Supermarkets and Other Grocery (except Convenience) Stores,Fat/Cat,Partial,N,Private,Safety,12/14/2018,,08/30/2019,1361023.015,111085.015,11/01/2018,Employee Is Found Unresponsive And Later Dies,Kentucky, ,"On November 1, 2018, an employee working at a grocery store deli, clocked out at approximately 7:30 p.m.for either a break or her lunch.  At approximately 8:00 p.m., another employee found the employee sitting at the picnic table in the bre ak area outside the building, but leaned back against the building and unrespons ive.  This employee summoned management who performed CPR until EMTs arrived and took over.  The employee was hospitalized, but died either on November 7, 2018 (per a funeral home notice) or November 9, 2018 (per Kroger).  The cause of deat h was likely due to a cardiovascular event.",cardiovasc disease,,,Current Penalty,$0,$0,$0,"$1,000",$0,"$1,000",1361023.015
318,1354041.015,10/18/2018,454721,TN,Complaint,Partial,,445110,2,Kroger Co. (The),Kroger,2012-12-31,2022-12-31,CLOSED,1354041.015,454721,10/18/2018,"Kroger Co. (The)
			   3685 S Houston Levee RdCollierville, TN 38017","3685 S. Houston Levee Rd, Collierville, TN 38017",Union,,445110/Supermarkets and Other Grocery (except Convenience) Stores,Complaint,Partial,N,Private,Health,10/25/2018,,12/04/2018,1354041.015,,,,,,,,,,Current Penalty,$0,$0,$0,$850,$0,$850,1354041.015
323,1343563.015,08/28/2018,418600,AL,Complaint,Partial,,445110,2,The Kroger Co.,Kroger,2012-12-31,2022-12-31,CLOSED,1343563.015,418600,08/28/2018,"The Kroger Co.
			   300 N. Dean RoadAuburn, AL 36830","300 N. Dean Road, Auburn, AL 36830",Union,,445110/Supermarkets and Other Grocery (except Convenience) Stores,Complaint,Partial,N,Private,Safety,08/30/2018,P,04/11/2019,1343563.015,,,,,,,,,,Current Penalty,"$25,868",$0,$0,$0,$0,"$25,868",1343563.015
328,1339383.015,08/17/2018,552652,MI,Planned,Complete,,445110,3,Kroger # 406,Kroger,2012-12-31,2022-12-31,CLOSED,1339383.015,552652,08/17/2018,"Kroger # 406
			   1200 E Bristol Rd.Burton, MI 48529","40399 Grand River Ave., Novi, MI 48375",Union,,445110/Supermarkets and Other Grocery (except Convenience) Stores,Planned,Complete,N,Private,Safety,08/31/2018,P,12/03/2018,1339383.015,,,,,,,,,,Current Penalty,"$2,000",$0,$0,$0,$0,"$2,000",1339383.015
333,1340796.015,08/17/2018,452110,KY,Referral,Partial,5411.0,445110,1,60171 - Kroger Limited Partnership I,Kroger,2012-12-31,2022-12-31,CLOSED,1340796.015,452110,08/17/2018,"60171 - Kroger Limited Partnership I
			   212 Kroger WayVersailles, KY 40383","212 Kroger Way, Versailles, KY 40383",Union,5411.0,445110/Supermarkets and Other Grocery (except Convenience) Stores,Referral,Partial,N,Private,Safety,11/16/2018,,05/26/2021,1340796.015,,,,,,,,,,Current Penalty,$0,$0,$0,$0,$0,$0,1340796.015
338,1332422.015,07/24/2018,552652,MI,Planned,Complete,,445110,2,The Kroger Company #811,Kroger,2012-12-31,2022-12-31,CLOSED,1332422.015,552652,07/24/2018,"The Kroger Company #811
			   900 S Us Hwy 27Saint Johns, MI 48879","900 S Us Hwy 27, Saint Johns, MI 48879",Union,,445110/Supermarkets and Other Grocery (except Convenience) Stores,Planned,Complete,N,Private,Safety,07/25/2018,P,08/13/2019,1332422.015,,,,,,,,,,Current Penalty,$0,$0,$0,$250,$0,$250,1332422.015
343,1329496.015,07/12/2018,355123,VA,Complaint,Partial,,445110,1,Kroger #401,Kroger,2012-12-31,2022-12-31,CLOSED,1329496.015,355123,07/12/2018,"Kroger #401
			   4404 Brambleton AvenueRoanoke, VA 24018","4404 Brambleton Avenue, Roanoke, VA 24018",Union,,445110/Supermarkets and Other Grocery (except Convenience) Stores,Complaint,Partial,N,Private,Health,07/12/2018,,08/20/2018,1329496.015,,,,,,,,,,Current Penalty,$0,$0,$0,$0,$0,$0,1329496.015
348,1318908.015,05/29/2018,452110,KY,Complaint,Partial,5411.0,445110,1,59980 - The Kroger Co,Kroger,2012-12-31,2022-12-31,CLOSED,1318908.015,452110,05/29/2018,"59980 - The Kroger Co
			   5001 Mud LaneOkolona, KY 40229","5001 Mud Lane, Okolona, KY 40229",Union,5411.0,445110/Supermarkets and Other Grocery (except Convenience) Stores,Complaint,Partial,N,Private,Health,07/06/2018,,11/14/2018,1318908.015,,,,,,,,,,Current Penalty,$0,$0,$0,"$1,700",$0,"$1,700",1318908.015
353,1316230.015,05/16/2018,454722,TN,Complaint,Partial,,445110,1,Kroger Co. (The),Kroger,2012-12-31,2022-12-31,CLOSED,1316230.015,454722,05/16/2018,"Kroger Co. (The)
			   845 Nashville PikeGallatin, TN 37066","845 Nashville Pike, Gallatin, TN 37066",Union,,445110/Supermarkets and Other Grocery (except Convenience) Stores,Complaint,Partial,N,Private,Health,06/01/2018,,07/24/2018,1316230.015,,,,,,,,,,Current Penalty,$0,$0,$0,$200,$0,$200,1316230.015
358,1313366.015,05/03/2018,454711,TN,Complaint,Partial,,445110,1,Kroger Co. (The),Kroger,2012-12-31,2022-12-31,CLOSED,1313366.015,454711,05/03/2018,"Kroger Co. (The)
			   8039 Us Highway 51 NMillington, TN 38053","8039 Us Highway 51 N, Millington, TN 38053",Union,,445110/Supermarkets and Other Grocery (except Convenience) Stores,Complaint,Partial,N,Private,Safety,05/03/2018,,07/12/2018,1313366.015,,,,,,,,,,Current Penalty,"$2,700",$0,$0,$0,$0,"$2,700",1313366.015
363,1310258.015,04/10/2018,551800,IN,Referral,Partial,5411.0,445110,2,107237 - The Kroger Co,Kroger,2012-12-31,2022-12-31,CLOSED,1310258.015,551800,04/10/2018,"107237 - The Kroger Co
			   5725 Coventry LaneFort Wayne, IN 46804","5725 Coventry Lane, Fort Wayne, IN 46804",Union,5411.0,445110/Supermarkets and Other Grocery (except Convenience) Stores,Referral,Partial,N,Private,Safety,04/27/2018,N,07/11/2018,1310258.015,,,,,,,,,,Current Penalty,"$1,875",$0,$0,$750,$0,"$2,625",1310258.015
368,1307396.015,04/09/2018,552652,MI,Planned,Complete,,445110,4,The Kroger Company #634,Kroger,2012-12-31,2022-12-31,CLOSED,1307396.015,552652,04/09/2018,"The Kroger Company #634
			   47060 West Pontiac TrailCommerce Township, MI 48390","47060 West Pontiac Trail, Commerce Township, MI 48390",Union,,445110/Supermarkets and Other Grocery (except Convenience) Stores,Planned,Complete,N,Private,Safety,04/13/2018,P,02/12/2019,1307396.015,,,,,,,,,,Current Penalty,$0,$0,$600,$200,$0,$800,1307396.015
373,1303106.015,03/21/2018,552652,MI,Planned,Complete,,445110,8,The Kroger Co #443,Kroger,2012-12-31,2022-12-31,CLOSED,1303106.015,552652,03/21/2018,"The Kroger Co #443
			   15255 Michigan Ave.Dearborn, MI 48126","15255 Michigan Ave., Dearborn, MI 48126",Union,,445110/Supermarkets and Other Grocery (except Convenience) Stores,Planned,Complete,N,Private,Safety,04/13/2018,N,02/12/2019,1303106.015,,,,,,,,,,Current Penalty,"$2,400",$0,"$1,500",$400,$0,"$4,300",1303106.015
378,1299019.015,03/05/2018,522000,OH,Referral,Partial,,445110,1,The Kroger Co.,Kroger,2012-12-31,2022-12-31,CLOSED,1299019.015,522000,03/05/2018,"The Kroger Co.
			   5420 Liberty Fairfield Rd.Fairfield, OH 45011","5420 Liberty Fairfield Rd., Fairfield, OH 45011",Union,,445110/Supermarkets and Other Grocery (except Convenience) Stores,Referral,Partial,N,Private,Health,04/18/2018,,05/24/2019,1299019.015,103550.015,02/25/2018,Employee Slips On Floor And Fractures Leg,Cincinnati, ,"At 9:00 p.m. on February 25, 2018, Employee #1 was moving deli meat from the mea t slicer to the refrigerator cabinet that was in front of it. The employee slipp ed and fell on a piece of deli meat that was on the floor. He sustained a broken tibia and fibula, and was hospitalized for treatment.","fall, fracture, leg, slip, tibia",,,Current Penalty,$0,$0,$0,"$6,046",$0,"$6,046",1299019.015
383,1296382.015,02/21/2018,522500,OH,Referral,Partial,,311812,3,The Kroger Co.,Kroger,2012-12-31,2022-12-31,OPEN,1296382.015,522500,02/21/2018,"The Kroger Co.
			   457 Cleveland AvenueColumbus, OH 43215","457 Cleveland Avenue, Columbus, OH 43215",Union,,311812/Commercial Bakeries,Referral,Partial,N,Private,Safety,02/21/2018,N,,1296382.015,103280.015,02/15/2018,Employee Amputates Fingers While Using Sheeter Machine,Columbus, ,"At 7:15 a.m. on February 15, 2018, an employee was flushing out the corn dough l ine that feeds the sheeter machine and lost his balance.  The employees left ha nd slipped into a 3 inch inlet opening and struck the rotating impeller.  The em ployee partially amputated the first three fingers on his left hand and was hosp italized.","amputated, amputation, blade, cleaning, finger, lost balance, rotating parts","The following inspection has not been indicated as closed. Please be aware that the information shown may change, e.g. violations may be added or deleted.  For open cases, in which a citation has been issued, the citation information may not be available for 5 days following receipt by the employer for Federal inspections or for 30 days following receipt by the employer for State inspections.",,Current Penalty,"$30,489",$0,$0,$0,$0,"$30,489",1296382.015
388,1293864.015,02/09/2018,454722,TN,Complaint,Partial,,445110,1,Kroger Co. (The),Kroger,2012-12-31,2022-12-31,CLOSED,1293864.015,454722,02/09/2018,"Kroger Co. (The)
			   2100 Lowes DriveClarksville, TN 37040","2100 Lowes Drive, Clarksville, TN 37040",Union,,445110/Supermarkets and Other Grocery (except Convenience) Stores,Complaint,Partial,N,Private,Health,02/20/2018,S,05/23/2018,1293864.015,,,,,,,,,,Current Penalty,$0,$0,$0,$175,$0,$175,1293864.015
393,1316205.015,02/07/2018,419400,MS,Referral,Partial,,424490,1,Kroger Limited Partnership 1,Kroger,2012-12-31,2022-12-31,CLOSED,1316205.015,419400,02/07/2018,"Kroger Limited Partnership 1
			   826 Highway 12 WestStarkville, MS 39759","826 Highway 12 West, Starkville, MS 39759",Union,,424490/Other Grocery and Related Products Merchant Wholesalers,Referral,Partial,N,Private,Safety,02/07/2018,,07/27/2018,1316205.015,105599.015,02/03/2018,Employee Strikes Finger Against Meat Cutting Blade And Amput,Jackson, ,"On February 3, 2018, an employee was cutting meat and struck his right hand's in dex finger while he was removing the unguarded blade.   The employee amputated h is finger and was hospitalized.","amputated, amputation, blade, finger, meat slicing machine, saw, struck against, unguarded",,,Current Penalty,$0,$0,$0,$0,$0,$0,1316205.015
398,1291770.015,02/01/2018,454712,TN,Planned,Complete,,445110,5,Kroger Co (The),Kroger,2012-12-31,2022-12-31,CLOSED,1291770.015,454712,02/01/2018,"Kroger Co (The)
			   2011 Nashville PikeGallatin, TN 37066","2011 Nashville Pike, Gallatin, TN 37066",Union,,445110/Supermarkets and Other Grocery (except Convenience) Stores,Planned,Complete,N,Private,Safety,02/01/2018,P,03/16/2018,1291770.015,,,,,,,,,,Current Penalty,"$1,600",$0,$0,"$1,200",$0,"$2,800",1291770.015
403,1285710.015,12/29/2017,454712,TN,Planned,Complete,,445110,1,Kroger Co. (The),Kroger,2012-12-31,2022-12-31,CLOSED,1285710.015,454712,12/29/2017,"Kroger Co. (The)
			   143 Henslee Dr Ste 1Dickson, TN 37055","143 Henslee Dr Ste 1, Dickson, TN 37055",Union,,445110/Supermarkets and Other Grocery (except Convenience) Stores,Planned,Complete,N,Private,Safety,12/29/2017,P,03/01/2018,1285710.015,,,,,,,,,,Current Penalty,$0,$0,$0,$150,$0,$150,1285710.015
408,1279063.015,11/27/2017,627100,AR,Prog Related,Records,,445110,1,Kroger,Kroger,2012-12-31,2022-12-31,CLOSED,1279063.015,627100,11/27/2017,"Kroger
			   215 Airport Road Store Number 619Hot Springs, AR 71913","800 Ridge Lake Blvd, Memphis, TN 38120",NonUnion,,445110/Supermarkets and Other Grocery (except Convenience) Stores,Prog Related,Records,N,Private,Safety,11/27/2017,,12/18/2017,1279063.015,,,,,,,,,,Current Penalty,$0,$0,$0,$600,$0,$600,1279063.015
413,1271292.015,10/19/2017,522000,OH,Referral,Partial,,493110,1,The Kroger Co.,Kroger,2012-12-31,2022-12-31,CLOSED,1271292.015,522000,10/19/2017,"The Kroger Co.
			   6300 Creek Rd.Blue Ash, OH 45242","6300 Creek Rd., Blue Ash, OH 45242",NonUnion,,493110/General Warehousing and Storage,Referral,Partial,N,Private,Safety,11/16/2017,L,12/21/2017,1271292.015,99966.015,10/15/2017,Employee Fractures Fingers When Caught Between Rack And Stan,Cincinnati, ,"At 11:00 a.m. on October 15, 2017, Employee #1 was operating a stand up truck. T he employee struck a rack, and a case of product fell on his shoulder. The emplo yee went in reverse instead of forward, and his hand became caught between the r ack and truck, fracturing his fingers. The employee was hospitalized for treatme nt.","caught between, finger, fracture, material handling, struck against, truck",,,Current Penalty,$0,$0,$0,$0,$0,$0,1271292.015
418,1269207.015,10/10/2017,551800,IN,Complaint,Partial,5411.0,445110,1,106647 - Kroger,Kroger,2012-12-31,2022-12-31,CLOSED,1269207.015,551800,10/10/2017,"106647 - Kroger
			   1125 W State BlvdFort Wayne, IN 46808","1125 W State Blvd, Fort Wayne, IN 46808",Union,5411.0,445110/Supermarkets and Other Grocery (except Convenience) Stores,Complaint,Partial,N,Private,Safety,10/10/2017,,02/21/2018,1269207.015,,,,,,,,,,Current Penalty,$0,$0,$0,$731,$0,$731,1269207.015
423,1266185.015,09/25/2017,453710,NC,Complaint,Partial,5411.0,445110,4,135894 - The Kroger Co.,Kroger,2012-12-31,2022-12-31,CLOSED,1266185.015,453710,09/25/2017,"135894 - The Kroger Co.
			   3825 S. Roxboro Street, Suite #101Durham, NC 27713","3825 S. Roxboro Street, Suite #101, Durham, NC 27713",Union,5411.0,445110/Supermarkets and Other Grocery (except Convenience) Stores,Complaint,Partial,N,Private,Safety,09/29/2017,,03/13/2018,1266185.015,,,,,,,,,,Current Penalty,$0,$0,$0,$0,$0,$0,1266185.015
428,1262839.015,09/11/2017,552652,MI,Prog Related,Complete,,445110,6,The Kroger Co #528,Kroger,2012-12-31,2022-12-31,CLOSED,1262839.015,552652,09/11/2017,"The Kroger Co #528
			   41941 Garfield Rd. Ste. AClinton Township, MI 48038","41941 Garfield Rd. Ste. A, Clinton Township, MI 48038",Union,,445110/Supermarkets and Other Grocery (except Convenience) Stores,Prog Related,Complete,N,Private,Safety,09/22/2017,P,12/11/2017,1262839.015,,,,,,,,,,Current Penalty,"$2,000",$0,$250,$0,$0,"$2,250",1262839.015
433,1255160.015,08/17/2017,355123,VA,Complaint,Partial,,445110,1,Kroger Store #401,Kroger,2012-12-31,2022-12-31,CLOSED,1255160.015,355123,08/17/2017,"Kroger Store #401
			   4404 Brambleton AvenueRoanoke, VA 24018","4404 Brambleton Avenue, Roanoke, VA 24018",NonUnion,,445110/Supermarkets and Other Grocery (except Convenience) Stores,Complaint,Partial,N,Private,Health,08/17/2017,,09/28/2017,1255160.015,,,,,,,,,,Current Penalty,$0,$0,$0,$0,$0,$0,1255160.015
438,1252881.015,08/10/2017,552652,MI,Referral,Partial,,445110,1,The Kroger Company Store 441,Kroger,2012-12-31,2022-12-31,CLOSED,1252881.015,552652,08/10/2017,"The Kroger Company Store 441
			   26400 Ford RdDearborn Heights, MI 48127","40399 Grand River, Novi, MI 48375",Union,,445110/Supermarkets and Other Grocery (except Convenience) Stores,Referral,Partial,N,Private,Safety,09/12/2017,,10/23/2017,1252881.015,98905.015,08/10/2017,Employee Falls From Back Of Truck And Suffers Skull And Faci,Michigan Safety Gen, ,"At 4:00 p.m. on August 10, 2017, an employee was unloading a highway truck at th e loading dock using a motorized hand truck.  The employee turned to exit highwa y truck as the truck pulled away from the loading dock.  The employee and the ha nd truck fell out of the back of the truck onto the pavement.  The employee suff ered a skull fracture and fractured the orbital bone on the left side of his fac e as well as lacerations to the face and back of the head.  The employee was hos pitalized.","face, fall, fracture, laceration, loading dock, material handling, powered industrial vehicle, skull",,,Current Penalty,"$2,100",$0,$0,$0,$0,"$2,100",1252881.015
443,1251119.015,07/31/2017,552652,MI,Planned,Complete,,445110,3,The Kroger Co. #684,Kroger,2012-12-31,2022-12-31,CLOSED,1251119.015,552652,07/31/2017,"The Kroger Co. #684
			   21555 21 Mile RdMacomb, MI 48044","21555 21 Mile Rd, Macomb, MI 48044",Union,,445110/Supermarkets and Other Grocery (except Convenience) Stores,Planned,Complete,N,Private,Safety,08/07/2017,P,09/27/2017,1251119.015,,,,,,,,,,Current Penalty,"$2,000",$0,$250,$0,$0,"$2,250",1251119.015
448,1249105.015,07/24/2017,552652,MI,Planned,Complete,,445110,3,The Kroger Co Of Michigan #515,Kroger,2012-12-31,2022-12-31,CLOSED,1249105.015,552652,07/24/2017,"The Kroger Co Of Michigan #515
			   2907 Krafft Rd.Port Huron, MI 48060","2907 Krafft Rd., Port Huron, MI 48060",Union,,445110/Supermarkets and Other Grocery (except Convenience) Stores,Planned,Complete,N,Private,Safety,07/26/2017,P,09/12/2017,1249105.015,,,,,,,,,,Current Penalty,"$1,200",$0,$0,$0,$0,"$1,200",1249105.015
453,1244199.015,07/03/2017,854910,UT,Accident,Partial,,311812,1,The Kroger Co.,Kroger,2012-12-31,2022-12-31,CLOSED,1244199.015,854910,07/03/2017,"The Kroger Co.
			   500 N Sugar St. #5Layton, UT 84041","500 N Sugar St. #5, Layton, UT 84041",NonUnion,,311812/Commercial Bakeries,Accident,Partial,N,Private,Safety,08/22/2017,S,10/23/2017,1244199.015,,,,,,,,,,Current Penalty,"$2,125",$0,$0,$0,$0,"$2,125",1244199.015
458,1229566.015,05/03/2017,626700,TX,Referral,Partial,,445110,2,Kroger #223,Kroger,2012-12-31,2022-12-31,CLOSED,1229566.015,626700,05/03/2017,"Kroger #223
			   4000 Polk StHouston, TX 77023","4000 Polk St, Houston, TX 77023",NonUnion,,445110/Supermarkets and Other Grocery (except Convenience) Stores,Referral,Partial,N,Private,Safety,05/03/2017,,09/22/2017,1229566.015,95225.015,04/29/2017,Employee Receives Burns To Forearm While Placing Chicken In,Houston South, ,"At approximately 8:15 p.m. on April 29, 2017, an employee was using a baking ove n to cook chicken.  She was placing chicken in the Baking oven. The employee was informed to use the baking over because the chickens were getting ready to expi re and the rotisserie oven was not working properly.  The employee suffered from grease burn to her right forearm while placing chicken in the baking oven. The employee was hospitalized and treated for burns.","burn, forearm, oven",,,Current Penalty,"$7,600",$0,$0,"$3,200",$0,"$10,800",1229566.015
463,1224043.015,04/11/2017,552652,MI,Planned,Complete,,445110,2,The Kroger Company Store #365,Kroger,2012-12-31,2022-12-31,CLOSED,1224043.015,552652,04/11/2017,"The Kroger Company Store #365
			   3615 Washtenaw AveAnn Arbor, MI 48104","3615 Washtenaw Ave, Ann Arbor, MI 48104",Union,,445110/Supermarkets and Other Grocery (except Convenience) Stores,Planned,Complete,N,Private,Safety,05/25/2017,P,10/16/2017,1224043.015,,,,,,,,,,Current Penalty,"$4,000",$0,$500,$0,$0,"$4,500",1224043.015
468,1217422.015,03/20/2017,552652,MI,Complaint,Partial,,811310,1,Kroger Company Of Michigan,Kroger,2012-12-31,2022-12-31,CLOSED,1217422.015,552652,03/20/2017,"Kroger Company Of Michigan
			   7644 26 Mile RdShelby Township, MI 48316","40399 Grand River Ave., Novi, MI 48375",Union,,811310/Commercial and Industrial Machinery and Equipment (except Automotive and Electronic) Repair and Maintenance,Complaint,Partial,N,Private,Safety,03/29/2017,S,05/24/2017,1217422.015,,,,,,,,,,Current Penalty,"$4,000",$0,$0,$0,$0,"$4,000",1217422.015
473,1214816.015,03/08/2017,552652,MI,Complaint,Partial,,445110,2,The Kroger Company #890,Kroger,2012-12-31,2022-12-31,CLOSED,1214816.015,552652,03/08/2017,"The Kroger Company #890
			   1550 W Lake Lansing RdEast Lansing, MI 48823","1550 W Lake Lansing Rd, East Lansing, MI 48823",Union,,445110/Supermarkets and Other Grocery (except Convenience) Stores,Complaint,Partial,N,Private,Safety,03/08/2017,,04/27/2017,1214816.015,,,,,,,,,,Current Penalty,$0,$0,$0,$500,$0,$500,1214816.015
478,1212659.015,02/23/2017,454712,TN,Complaint,Partial,,445110,3,Kroger Co (The),Kroger,2012-12-31,2022-12-31,CLOSED,1212659.015,454712,02/23/2017,"Kroger Co (The)
			   1202 James Campbell BlvdColumbia, TN 38401","1202 James Campbell Blvd, Columbia, TN 38401",Union,,445110/Supermarkets and Other Grocery (except Convenience) Stores,Complaint,Partial,N,Private,Safety,02/23/2017,,04/11/2017,1212659.015,,,,,,,,,,Current Penalty,"$1,400",$0,$0,$700,$0,"$2,100",1212659.015
483,1207608.015,02/02/2017,454712,TN,Complaint,Partial,,445110,2,Kroger Co (The),Kroger,2012-12-31,2022-12-31,CLOSED,1207608.015,454712,02/02/2017,"Kroger Co (The)
			   2946 South Church StMurfreesboro, TN 37127","2946 South Church St, Murfreesboro, TN 37127",Union,,445110/Supermarkets and Other Grocery (except Convenience) Stores,Complaint,Partial,N,Private,Safety,02/02/2017,,03/28/2017,1207608.015,,,,,,,,,,Current Penalty,$0,$0,$0,"$1,400",$0,"$1,400",1207608.015
488,1202976.015,01/11/2017,452110,KY,Complaint,Partial,5411.0,445110,1,58728 - The Kroger Co,Kroger,2012-12-31,2022-12-31,CLOSED,1202976.015,452110,01/11/2017,"58728 - The Kroger Co
			   545 Island Ford Rd.Madisonville, KY 42431","545 Island Ford Rd., Madisonville, KY 42431",Union,5411.0,445110/Supermarkets and Other Grocery (except Convenience) Stores,Complaint,Partial,N,Private,Health,04/25/2017,,05/26/2017,1202976.015,,,,,,,,,,Current Penalty,$0,$0,$0,$0,$0,$0,1202976.015
493,1202004.015,01/09/2017,626300,TX,Referral,Partial,,445110,1,Kroger Texas Lp,Kroger,2012-12-31,2022-12-31,CLOSED,1202004.015,626300,01/09/2017,"Kroger Texas Lp
			   5190 Highway 78Sachse, TX 75048","751 Freeway Parkway, Sachse, TX 75048",NonUnion,,445110/Supermarkets and Other Grocery (except Convenience) Stores,Referral,Partial,N,Private,Safety,01/09/2017,,05/31/2017,1202004.015,,,,,,,,,,Current Penalty,$0,$0,$0,"$6,850",$0,"$6,850",1202004.015
498,1187762.015,10/31/2016,418200,GA,Complaint,Partial,,445110,1,The Kroger Company,Kroger,2012-12-31,2022-12-31,CLOSED,1187762.015,418200,10/31/2016,"The Kroger Company
			   1715 Howell Mill RoadAtlanta, GA 30318","1715 Howell Mill Road, Atlanta, GA 30318",NonUnion,,445110/Supermarkets and Other Grocery (except Convenience) Stores,Complaint,Partial,N,Private,Safety,11/02/2016,,03/06/2017,1187762.015,,,,,,,,,,Current Penalty,"$3,259",$0,$0,$0,$0,"$3,259",1187762.015
503,1175476.015,09/07/2016,953220,NV,Complaint,Partial,,445110,1,Kroger Company,Kroger,2012-12-31,2022-12-31,CLOSED,1175476.015,953220,09/07/2016,"Kroger Company
			   6130 West Tropicana AvenueLas Vegas, NV 89103","1550 South Redwood Road, Salt Lake City, UT 84104",Union,,445110/Supermarkets and Other Grocery (except Convenience) Stores,Complaint,Partial,N,Private,Safety,10/07/2016,,02/14/2017,1175476.015,,,,,,,,,,Current Penalty,$0,$0,$0,"$1,000",$0,"$1,000",1175476.015
508,1169579.015,08/15/2016,854910,UT,Accident,Partial,,445110,1,The Kroger Company,Kroger,2012-12-31,2022-12-31,CLOSED,1169579.015,854910,08/15/2016,"The Kroger Company
			   5620 W 4100 SWest Valley City, UT 84128",1550 S Redwood Road Attn,Union,,445110/Supermarkets and Other Grocery (except Convenience) Stores,Accident,Partial,N,Private,Safety,09/02/2016,,11/02/2016,1169579.015,,,,,,,,,,Current Penalty,$0,$0,$0,$500,$0,$500,1169579.015
513,1165854.015,07/26/2016,418300,AL,Referral,Partial,,445110,1,Kroger Limited Partnership L,Kroger,2012-12-31,2022-12-31,CLOSED,1165854.015,418300,07/26/2016,"Kroger Limited Partnership L
			   7090 Highway 72 WestHuntsville, AL 35806","2620 Elm Hill Pike, Nashville, TN 37214",Union,,445110/Supermarkets and Other Grocery (except Convenience) Stores,Referral,Partial,N,Private,Safety,07/26/2016,,09/26/2016,1165854.015,,,,,,,,,,Current Penalty,"$9,995",$0,$0,$0,$0,"$9,995",1165854.015
518,1162466.015,07/15/2016,355123,VA,Complaint,Partial,,445110,1,Kroger,Kroger,2012-12-31,2022-12-31,CLOSED,1162466.015,355123,07/15/2016,"Kroger
			   7805 Timberlake RoadTimberlake, VA 24502","7805 Timberlake Road, Lynchburg, VA",Union,,445110/Supermarkets and Other Grocery (except Convenience) Stores,Complaint,Partial,N,Private,Health,07/15/2016,,11/21/2016,1162466.015,,,,,,,,,,Current Penalty,$0,$0,$0,$0,$0,$0,1162466.015
523,1153555.015,06/09/2016,454712,TN,Complaint,Partial,,445110,4,Kroger Co (The),Kroger,2012-12-31,2022-12-31,CLOSED,1153555.015,454712,06/09/2016,"Kroger Co (The)
			   595 Hillsboro RdFranklin, TN 37064","595 Hillsboro Rd, Franklin, TN 37064",Union,,445110/Supermarkets and Other Grocery (except Convenience) Stores,Complaint,Partial,N,Private,Safety,06/09/2016,,08/11/2016,1153555.015,,,,,,,,,,Current Penalty,"$2,800",$0,$0,"$1,050",$0,"$3,850",1153555.015
528,1153569.015,06/09/2016,522000,OH,Complaint,Partial,,445110,1,Kroger,Kroger,2012-12-31,2022-12-31,CLOSED,1153569.015,522000,06/09/2016,"Kroger
			   9690 Colerain AveCincinnati, OH 45251","150 Tri County Parkway, Cincinnati, OH 45246",Union,,445110/Supermarkets and Other Grocery (except Convenience) Stores,Complaint,Partial,N,Private,Safety,07/19/2016,L,09/28/2016,1153569.015,,,,,,,,,,Current Penalty,"$7,000",$0,$0,$0,$0,"$7,000",1153569.015
533,1149811.015,05/24/2016,522500,OH,Complaint,Partial,,423990,1,Kroger Distribution Center,Kroger,2012-12-31,2022-12-31,CLOSED,1149811.015,522500,05/24/2016,"Kroger Distribution Center
			   2000 Nutter Farms LaneDelaware, OH 43015","2000 Nutter Farms Lane, Delaware, OH 43015",Union,,423990/Other Miscellaneous Durable Goods Merchant Wholesalers,Complaint,Partial,N,Private,Safety,05/24/2016,,06/29/2017,1149811.015,,,,,,,,,,Current Penalty,"$6,814",$0,$0,$0,$0,"$6,814",1149811.015
538,1146983.015,05/12/2016,355118,VA,Complaint,Partial,,445110,2,Kroger Limited Partnership,Kroger,2012-12-31,2022-12-31,CLOSED,1146983.015,355118,05/12/2016,"Kroger Limited Partnership
			   72 Kingston DriveDaleville, VA 24083","72 Kingston Drive, Daleville, VA 24083",Union,,445110/Supermarkets and Other Grocery (except Convenience) Stores,Complaint,Partial,N,Private,Safety,05/13/2016,,07/28/2016,1146983.015,,,,,,,,,,Current Penalty,"$3,749",$0,$0,$0,$0,"$3,749",1146983.015
543,1137124.015,03/31/2016,950672,CA,Planned,Partial,,493120,2,Kroger Inc.,Kroger,2012-12-31,2022-12-31,CLOSED,1137124.015,950672,03/31/2016,"Kroger Inc.
			   2201 S. WilmingtonCompton, CA 90220","P. O. Box 54143, Los Angeles, CA 90054",Union,,493120/Refrigerated Warehousing and Storage,Planned,Partial,N,Private,Safety,08/22/2016,P,07/03/2017,1137124.015,,,,,,,,,,Current Penalty,$0,$0,$0,$700,$0,$700,1137124.015
548,1136329.015,03/30/2016,316400,WV,Referral,Partial,,445110,2,Kroger Limited Partnership 1,Kroger,2012-12-31,2022-12-31,CLOSED,1136329.015,316400,03/30/2016,"Kroger Limited Partnership 1
			   180 Red Oaks Shopping CenterRonceverte, WV 24970","180 Red Oaks Shopping Center, Ronceverte, WV 24970",Union,,445110/Supermarkets and Other Grocery (except Convenience) Stores,Referral,Partial,N,Private,Health,03/30/2016,,06/27/2016,1136329.015,,,,,,,,,,Current Penalty,$0,$0,$0,"$1,148",$0,"$1,148",1136329.015
553,1126419.015,02/16/2016,454510,SC,Planned,Complete,5461.0,311811,3,69892 - Kroger Company,Kroger,2012-12-31,2022-12-31,CLOSED,1126419.015,454510,02/16/2016,"69892 - Kroger Company
			   433 Sayre StAnderson, SC 29624","433 Sayre St, Anderson, SC 29624",Union,5461.0,311811/Retail Bakeries,Planned,Complete,N,Private,Safety,02/23/2016,,10/27/2016,1126419.015,,,,,,,,,,Current Penalty,"$1,400",$0,$0,$0,$0,"$1,400",1126419.015
558,1119686.015,01/22/2016,522000,OH,Referral,Partial,,445110,1,The Kroger Co.,Kroger,2012-12-31,2022-12-31,CLOSED,1119686.015,522000,01/22/2016,"The Kroger Co.
			   3491 N. Bend RdCincinnati, OH 45239","3491 N. Bend Rd, Cincinnati, OH 45239",Union,,445110/Supermarkets and Other Grocery (except Convenience) Stores,Referral,Partial,N,Private,Safety,01/22/2016,N,08/15/2016,1119686.015,,,,,,,,,,Current Penalty,"$7,000",$0,$0,$0,$0,"$7,000",1119686.015
563,1101840.015,10/06/2015,522000,OH,Complaint,Partial,,445110,1,The Kroger Company,Kroger,2012-12-31,2022-12-31,CLOSED,1101840.015,522000,10/06/2015,"The Kroger Company
			   428 Oxford State RoadMiddletown, OH 45044","150 Tri County Parkway, Cincinnati, OH 45246",NonUnion,,445110/Supermarkets and Other Grocery (except Convenience) Stores,Complaint,Partial,N,Private,Safety,10/06/2015,,05/03/2016,1101840.015,,,,,,,,,,Current Penalty,$0,$0,$0,"$4,400",$0,"$4,400",1101840.015
568,1096288.015,10/05/2015,453710,NC,Complaint,Partial,5411.0,445110,2,128165 - Kroger Limited Partnership 1,Kroger,2012-12-31,2022-12-31,CLOSED,1096288.015,453710,10/05/2015,"128165 - Kroger Limited Partnership 1
			   3420 Southwest Durham Dr.Shannon Plaza, NC 27707","1014 Vine Street, Cincinnati, OH 45202",Union,5411.0,445110/Supermarkets and Other Grocery (except Convenience) Stores,Complaint,Partial,N,Private,Safety,10/05/2015,,12/16/2015,1096288.015,,,,,,,,,,Current Penalty,$0,$0,$0,"$2,600",$0,"$2,600",1096288.015
573,1096822.015,09/23/2015,953210,NV,Unprog Rel,Partial,,447110,1,The Kroger Co.,Kroger,2012-12-31,2022-12-31,CLOSED,1096822.015,953210,09/23/2015,"The Kroger Co.
			   140 W. 1st. AvenueSun Valley, NV 89433","4567 Enterprise Street, Fremont, CA 94538",NonUnion,,447110/Gasoline Stations with Convenience Stores,Unprog Rel,Partial,N,Private,Health,10/06/2015,,05/05/2016,1096822.015,,,,,,,,,,Current Penalty,$0,$0,$0,$245,$0,$245,1096822.015
578,1086068.015,08/19/2015,522000,OH,Referral,Partial,,445110,2,Kroger Limited Partnership,Kroger,2012-12-31,2022-12-31,CLOSED,1086068.015,522000,08/19/2015,"Kroger Limited Partnership
			   6306 Strt 7Proctorville, OH 45669","3631 Petercreek Rd, Roanoke, VA 24019",Union,,445110/Supermarkets and Other Grocery (except Convenience) Stores,Referral,Partial,N,Private,Safety,10/08/2015,N,12/16/2015,1086068.015,,,,,,,,,,Current Penalty,$0,$0,$0,"$9,000",$0,"$9,000",1086068.015
583,1083648.015,08/18/2015,552652,MI,Complaint,Partial,,445110,4,Kroger #436,Kroger,2012-12-31,2022-12-31,CLOSED,1083648.015,552652,08/18/2015,"Kroger #436
			   435 N Main StFrankenmuth, MI 48734","435 N Main St, Frankenmuth, MI 48734",Union,,445110/Supermarkets and Other Grocery (except Convenience) Stores,Complaint,Partial,N,Private,Safety,10/15/2015,,11/16/2015,1083648.015,,,,,,,,,,Current Penalty,$640,$0,$0,$0,$0,$640,1083648.015
588,1084923.015,08/17/2015,854910,UT,Complaint,Partial,,311812,1,The Kroger Company,Kroger,2012-12-31,2022-12-31,CLOSED,1084923.015,854910,08/17/2015,"The Kroger Company
			   500 N Sugar St. Bldg 5Layton, UT 84041","500 N Sugar St. Bldg 5, Layton, UT 84041",NonUnion,,311812/Commercial Bakeries,Complaint,Partial,N,Private,Safety,08/17/2015,,01/12/2016,1084923.015,,,,,,,,,,Current Penalty,$0,$0,$0,$0,$0,$0,1084923.015
593,1066729.015,05/20/2015,854910,UT,Complaint,Partial,,452111,1,Kroger Co,Kroger,2012-12-31,2022-12-31,CLOSED,1066729.015,854910,05/20/2015,"Kroger Co
			   500 N Sugar St, Bldg 5Layton, UT 84041","500 N Sugar St, Bldg 5, Layton, UT 84041",NonUnion,,452111/Department Stores (except Discount Department Stores),Complaint,Partial,N,Private,Safety,05/20/2015,S,03/23/2018,1066729.015,,,,,,,,,,Current Penalty,$0,$0,$0,"$1,000",$0,"$1,000",1066729.015
598,1062465.015,05/13/2015,454726,TN,Complaint,Partial,,454390,1,"Kroger 592 Operator, Llc",Kroger,2012-12-31,2022-12-31,CLOSED,1062465.015,454726,05/13/2015,"Kroger 592 Operator, Llc
			   1664 E. Stone DriveKingsport, TN 37660","1664 E. Stone Drive, Kingsport, TN 37660",Union,,454390/Other Direct Selling Establishments,Complaint,Partial,N,Private,Health,05/13/2015,S,07/06/2015,1062465.015,,,,,,,,,,Current Penalty,$0,$0,$0,$175,$0,$175,1062465.015
603,1060760.015,05/04/2015,854910,UT,Accident,Partial,,311812,2,The Kroger Company,Kroger,2012-12-31,2022-12-31,CLOSED,1060760.015,854910,05/04/2015,"The Kroger Company
			   500 N Sugar St. Bldg. 5Layton, UT 84041","500 N Sugar St. Bldg. 5, Layton, UT 84041",NonUnion,,311812/Commercial Bakeries,Accident,Partial,N,Private,Safety,05/20/2015,,08/01/2016,1060760.015,76507.015,05/04/2015,Employee Fractures Both Arms While Cleaning A Conveyor Belt,Utah, ,"At 1:15 a.m. on May 4, 2015, an employee was washing down a conveyor belt prior to returning it to service in the production line.  While cleaning the belt, the employee reached underneath the conveyor and both hands were pulled into a roll er.  The employee suffered compound fractures to both arms.","arm, belt conveyor, fracture",,,Current Penalty,"$3,750",$0,$0,$0,$0,"$3,750",1060760.015
608,1049249.015,03/24/2015,419400,MS,Referral,Partial,,424490,1,Kroger Limited Partnership 1,Kroger,2012-12-31,2022-12-31,CLOSED,1049249.015,419400,03/24/2015,"Kroger Limited Partnership 1
			   826 Highway 12 WestStarkville, MS 39759","826 Highway 12 West, Starkville, MS 39759",Union,,424490/Other Grocery and Related Products Merchant Wholesalers,Referral,Partial,N,Private,Safety,03/24/2015,N,04/24/2015,1049249.015,,,,,,,,,,Current Penalty,"$2,040",$0,$0,$0,$0,"$2,040",1049249.015
613,1048224.015,03/20/2015,950631,CA,Complaint,Partial,,445110,6,Kroger Inc.,Kroger,2012-12-31,2022-12-31,CLOSED,1048224.015,950631,03/20/2015,"Kroger Inc.
			   7910 Katella Ave.Stanton, CA 90680","1100 W. Artesia Blvd., Compton, CA 90220",NonUnion,,445110/Supermarkets and Other Grocery (except Convenience) Stores,Complaint,Partial,N,Private,Safety,05/07/2015,,01/30/2017,1048224.015,,,,,,,,,,Current Penalty,$0,$0,$0,"$1,800",$0,"$1,800",1048224.015
618,1041640.015,02/20/2015,626700,TX,Referral,Partial,,445110,1,Kroger Texas L.P. #398,Kroger,2012-12-31,2022-12-31,CLOSED,1041640.015,626700,02/20/2015,"Kroger Texas L.P. #398
			   2750 East League City ParkwayLeague City, TX 77573","2750 East League City Parkway, League City, TX 77573",Union,,445110/Supermarkets and Other Grocery (except Convenience) Stores,Referral,Partial,N,Private,Safety,,,06/26/2015,1041640.015,,,,,,,,,,Current Penalty,$0,$0,$0,"$5,000",$0,"$5,000",1041640.015
623,1032053.015,02/06/2015,522000,OH,Referral,Partial,,445110,1,The Kroger Co.,Kroger,2012-12-31,2022-12-31,CLOSED,1032053.015,522000,02/06/2015,"The Kroger Co.
			   3760 Paxton Ave.Cincinnati, OH 45208","3760 Paxton Ave., Cincinnati, OH 45208",Union,,445110/Supermarkets and Other Grocery (except Convenience) Stores,Referral,Partial,N,Private,Safety,02/09/2015,N,07/17/2015,1032053.015,,,,,,,,,,Current Penalty,$0,$0,$0,"$1,000",$0,"$1,000",1032053.015
628,1021305.015,01/28/2015,522000,OH,Referral,Partial,,445110,2,The Kroger Co.,Kroger,2012-12-31,2022-12-31,CLOSED,1021305.015,522000,01/28/2015,"The Kroger Co.
			   5836 Harrison AvenueCincinnati, OH 45248","5836 Harrison Avenue, Cincinnati, OH 45248",Union,,445110/Supermarkets and Other Grocery (except Convenience) Stores,Referral,Partial,N,Private,Safety,02/11/2015,N,03/17/2015,1021305.015,,,,,,,,,,Current Penalty,"$4,900",$0,$0,$0,$0,"$4,900",1021305.015
633,1010513.015,12/03/2014,552652,MI,Complaint,Partial,,445110,2,Kroger #520,Kroger,2012-12-31,2022-12-31,CLOSED,1010513.015,552652,12/03/2014,"Kroger #520
			   1771 E Michigan AveYpsilanti, MI 48198","1771 E Michigan Ave, Ypsilanti, MI 48198",Union,,445110/Supermarkets and Other Grocery (except Convenience) Stores,Complaint,Partial,N,Private,Health,12/18/2014,,08/13/2015,1010513.015,,,,,,,,,,Current Penalty,"$3,200",$0,$0,$0,$0,"$3,200",1010513.015
638,1005045.015,10/29/2014,522500,OH,Complaint,Partial,,445110,3,The Kroger Company,Kroger,2012-12-31,2022-12-31,CLOSED,1005045.015,522500,10/29/2014,"The Kroger Company
			   1375 Chambers RoadColumbus, OH 43212","1375 Chambers Road, Columbus, OH 43212",Union,,445110/Supermarkets and Other Grocery (except Convenience) Stores,Complaint,Partial,N,Private,Safety,10/29/2014,L,12/01/2016,1005045.015,,,,,,,,,,Current Penalty,"$14,000",$0,$0,$0,$0,"$14,000",1005045.015
643,1004397.015,10/28/2014,454721,TN,Complaint,Partial,,445110,2,Kroger Co. (The),Kroger,2012-12-31,2022-12-31,CLOSED,1004397.015,454721,10/28/2014,"Kroger Co. (The)
			   8051 Dexter RoadCordova, TN 38016","800 Ridge Lake Boulevard P.O. Box 1878, Memphis, TN 38101",Union,,445110/Supermarkets and Other Grocery (except Convenience) Stores,Complaint,Partial,N,Private,Health,12/16/2014,,02/06/2015,1004397.015,,,,,,,,,,Current Penalty,$0,$0,$0,"$1,200",$0,"$1,200",1004397.015
648,1003692.015,10/27/2014,418100,GA,Complaint,Partial,,445110,1,The Kroger Company,Kroger,2012-12-31,2022-12-31,CLOSED,1003692.015,418100,10/27/2014,"The Kroger Company
			   950 Herrington RdLawrenceville, GA 30044","950 Herrington Rd, Lawrenceville, GA 30044",Union,,445110/Supermarkets and Other Grocery (except Convenience) Stores,Complaint,Partial,N,Private,Health,10/27/2014,,02/18/2015,1003692.015,,,,,,,,,,Current Penalty,"$3,500",$0,$0,$0,$0,"$3,500",1003692.015
653,317456366.0,07/30/2014,551800,IN,Complaint,Partial,5411.0,445110,4,Kroger,Kroger,2012-12-31,2022-12-31,ERROR,317456366.0,551800,07/30/2014,"Kroger
			   524 East 16th StreetIndianapolis, IN 46202","5960 West Castleway Drive, Indianapolis, IN 46250",Union,5411.0,445110/Supermarkets and Other Grocery (except Convenience) Stores,Complaint,Partial,N,Private,Safety,08/06/2014,,03/11/2015,317456366.0,,,,,,,,,Safety-Manufacturing,Current Penalty,"$3,750",$0,"$12,500",$0,$0,"$16,250",317456366.0
658,985567.015,07/17/2014,522500,OH,Complaint,Partial,,311812,2,Kroger Bakery,Kroger,2012-12-31,2022-12-31,CLOSED,985567.015,522500,07/17/2014,"Kroger Bakery
			   457 Cleveland AvenueColumbus, OH 43215","457 Cleveland Avenue, Columbus, OH 43215",Union,,311812/Commercial Bakeries,Complaint,Partial,N,Private,Safety,07/17/2014,,01/06/2016,985567.015,,,,,,,,,,Current Penalty,"$7,000",$0,$0,$0,$0,"$7,000",985567.015
663,981331.015,06/16/2014,418400,GA,Complaint,Partial,,445110,1,The Kroger Co.,Kroger,2012-12-31,2022-12-31,CLOSED,981331.015,418400,06/16/2014,"The Kroger Co.
			   495 Johnny Mercer BlvdSavannah, GA 31410","2175 Parklake Dr, Atlanta, GA 30345",Union,,445110/Supermarkets and Other Grocery (except Convenience) Stores,Complaint,Partial,N,Private,Safety,06/16/2014,N,10/15/2014,981331.015,,,,,,,,,,Current Penalty,"$1,301",$0,$0,$0,$0,"$1,301",981331.015
668,968250.015,04/17/2014,522500,OH,Planned,Partial,,424410,1,Kroger Distribution Center,Kroger,2012-12-31,2022-12-31,CLOSED,968250.015,522500,04/17/2014,"Kroger Distribution Center
			   2000 Nutter Farms LaneDelaware, OH 43015","2000 Nutter Farms Lane, Delaware, OH 43015",Union,,424410/General Line Grocery Merchant Wholesalers,Planned,Partial,N,Private,Safety,09/16/2014,P,05/11/2017,968250.015,,,,,,,,,,Current Penalty,"$7,000",$0,$0,$0,$0,"$7,000",968250.015
673,316922863.0,03/07/2014,452110,KY,Complaint,Partial,5141.0,424410,1,Kroger Limited Partnership Dba Kroger Store 366,Kroger,2012-12-31,2022-12-31,ERROR,316922863.0,452110,03/07/2014,"Kroger Limited Partnership Dba Kroger Store 366
			   7747 Mall Rd.Florence, KY 41042",", ,  00000",Union,5141.0,424410/General Line Grocery Merchant Wholesalers,Complaint,Partial,N,Private,Safety,03/11/2014,,05/29/2014,316922863.0,,,,,,,,,Safety-Manufacturing,Current Penalty,"$7,000",$0,$0,$0,$0,"$7,000",316922863.0
678,315407148.0,01/29/2014,552652,MI,Complaint,Partial,5411.0,445110,2,Kroger #671,Kroger,2012-12-31,2022-12-31,ERROR,315407148.0,552652,01/29/2014,"Kroger #671
			   1905 N Canton Ctr RdCanton, MI 48187","1905 N Canton Ctr Rd, Canton, MI 48187",Union,5411.0,445110/Supermarkets and Other Grocery (except Convenience) Stores,Complaint,Partial,N,Private,Health,03/31/2014,,05/06/2016,315407148.0,,,,,,,,,Health-Manufacturing,Current Penalty,"$2,450",$0,$0,$0,$0,"$2,450",315407148.0
683,955883.015,01/23/2014,524700,OH,Complaint,Partial,,445110,2,Kroger Co.,Kroger,2012-12-31,2022-12-31,CLOSED,955883.015,524700,01/23/2014,"Kroger Co.
			   7545 Sylvania Ave.Sylvania, OH 43560","7545 Sylvania Ave., Sylvania, OH 43560",Union,,445110/Supermarkets and Other Grocery (except Convenience) Stores,Complaint,Partial,N,Private,Safety,01/23/2014,L,06/23/2014,955883.015,,,,,,,,,,Current Penalty,$0,$0,"$35,000",$0,$0,"$35,000",955883.015
688,317512226.0,12/13/2013,454711,TN,Complaint,Complete,4225.0,493110,1,The Kroger Company,Kroger,2012-12-31,2022-12-31,ERROR,317512226.0,454711,12/13/2013,"The Kroger Company
			   5079 Bledsoe RoadMemphis, TN 38141",", ,  00000",Union,4225.0,493110/General Warehousing and Storage,Complaint,Complete,N,Private,Safety,12/17/2013,,02/20/2014,317512226.0,,,,,,,,,,Current Penalty,"$1,500",$0,$0,$0,$0,"$1,500",317512226.0
693,315402909.0,12/02/2013,552652,MI,Planned,Complete,5141.0,445110,2,Kroger Co Store 453,Kroger,2012-12-31,2022-12-31,ERROR,315402909.0,552652,12/02/2013,"Kroger Co Store 453
			   23000 Michigan AveDearborn, MI 48124",", ,  00000",Union,5141.0,445110/Supermarkets and Other Grocery (except Convenience) Stores,Planned,Complete,N,Private,Safety,12/09/2013,,09/30/2015,315402909.0,,,,,,,,,Safety-Manufacturing,Current Penalty,"$4,000",$0,$0,$0,$0,"$4,000",315402909.0
698,315373142.0,08/28/2013,552652,MI,Planned,Complete,5411.0,445110,11,Kroger Co Store #684,Kroger,2012-12-31,2022-12-31,ERROR,315373142.0,552652,08/28/2013,"Kroger Co Store #684
			   21555 21 Mile RdMacomb, MI 48044",", ,  00000",Union,5411.0,445110/Supermarkets and Other Grocery (except Convenience) Stores,Planned,Complete,N,Private,Safety,09/24/2013,S,08/03/2015,315373142.0,,,,,,,,,Safety-Manufacturing,Current Penalty,"$9,800",$0,$800,$0,$0,"$10,600",315373142.0
703,315403683.0,08/06/2013,552652,MI,Referral,Partial,5411.0,445110,1,Kroger #852,Kroger,2012-12-31,2022-12-31,ERROR,315403683.0,552652,08/06/2013,"Kroger #852
			   3176 Mall CtLansing, MI 48912",", ,  00000",Union,5411.0,445110/Supermarkets and Other Grocery (except Convenience) Stores,Referral,Partial,N,Private,Health,02/25/2014,,06/01/2015,315403683.0,,,,,,,,,,Current Penalty,"$2,450",$0,$0,$0,$0,"$2,450",315403683.0
708,317212116.0,07/18/2013,355111,VA,Complaint,Partial,5411.0,445110,1,Kroger Co,Kroger,2012-12-31,2022-12-31,ERROR,317212116.0,355111,07/18/2013,"Kroger Co
			   Store #500, 9480 West Broad StreetRichmond, VA 23294","9480 West Broad Street, Richmond, VA 23294",Union,5411.0,445110/Supermarkets and Other Grocery (except Convenience) Stores,Complaint,Partial,N,Private,Safety,07/19/2013,,08/14/2013,317212116.0,,,,,,,,,,Current Penalty,$0,$0,$0,$0,$0,$0,317212116.0
713,901386.015,04/17/2013,522500,OH,Complaint,Partial,,445110,4,Kroger,Kroger,2012-12-31,2022-12-31,CLOSED,901386.015,522500,04/17/2013,"Kroger
			   1008 Washington Blvd.Belpre, OH 45714","1008 Washington Blvd., Belpre, OH 45714",Union,,445110/Supermarkets and Other Grocery (except Convenience) Stores,Complaint,Partial,N,Private,Safety,04/17/2013,L,06/25/2013,901386.015,,,,,,,,,,Current Penalty,"$13,890",$0,$0,$410,$0,"$14,300",901386.015
718,890807.015,02/15/2013,524700,OH,Complaint,Partial,,445110,2,The Kroger Co.,Kroger,2012-12-31,2022-12-31,CLOSED,890807.015,524700,02/15/2013,"The Kroger Co.
			   1428 Marion-Waldo Rd.Marion, OH 43302","1428 Marion-Waldo Rd., Marion, OH 43302",Union,,445110/Supermarkets and Other Grocery (except Convenience) Stores,Complaint,Partial,N,Private,Safety,02/15/2013,L,04/07/2014,890807.015,,,,,,,,,,Current Penalty,"$4,000",$0,$0,$0,$0,"$4,000",890807.015
723,316550862.0,02/07/2013,551800,IN,Complaint,Partial,5411.0,445110,3,Kroger,Kroger,2012-12-31,2022-12-31,ERROR,316550862.0,551800,02/07/2013,"Kroger
			   605 N Dixon RdKokomo, IN 46901","Attn Mike Gaines 605 N Dixon Rd, Kokomo, IN 46901",Union,5411.0,445110/Supermarkets and Other Grocery (except Convenience) Stores,Complaint,Partial,N,Private,Safety,02/14/2013,,05/05/2016,316550862.0,,,,,,,,,Safety-Manufacturing,Current Penalty,"$5,000",$0,"$25,000",$0,$0,"$30,000",316550862.0
728,316546837.0,02/01/2013,551800,IN,Complaint,Partial,5411.0,445110,1,Kroger,Kroger,2012-12-31,2022-12-31,ERROR,316546837.0,551800,02/01/2013,"Kroger
			   8150 Rockville RoadIndianapolis, IN 46214",", ,  00000",Union,5411.0,445110/Supermarkets and Other Grocery (except Convenience) Stores,Complaint,Partial,N,Private,Safety,02/01/2013,,02/28/2013,316546837.0,,,,,,,,,Safety-Manufacturing,Current Penalty,$731,$0,$0,$0,$0,$731,316546837.0
733,315398230.0,01/24/2013,552652,MI,Complaint,Partial,5411.0,445110,1,Kroger Store 461,Kroger,2012-12-31,2022-12-31,ERROR,315398230.0,552652,01/24/2013,"Kroger Store 461
			   64660 Van Dyke RdWashington Twp, MI 48095",", ,  00000",Union,5411.0,445110/Supermarkets and Other Grocery (except Convenience) Stores,Complaint,Partial,N,Private,Safety,02/13/2013,,10/21/2013,315398230.0,,,,,,,,,Safety-Manufacturing,Current Penalty,"$5,000",$0,$0,$0,$0,"$5,000",315398230.0
738,316597772.0,01/02/2013,453710,NC,Accident,Partial,5411.0,445110,1,The Kroger Company - Store # 366,Kroger,2012-12-31,2022-12-31,ERROR,316597772.0,453710,01/02/2013,"The Kroger Company - Store # 366
			   1802 North Pointe DriveDurham, NC 27705",", ,  00000",Union,5411.0,445110/Supermarkets and Other Grocery (except Convenience) Stores,Accident,Partial,N,Private,Safety,04/24/2013,,07/09/2013,316597772.0,,,,,,,,,Safety-Manufacturing,Current Penalty,"$3,000",$0,$0,$0,$0,"$3,000",316597772.0
743,805841.015,01/02/2013,626600,TX,Fat/Cat,Partial,,445110,1,Kroger Co.,Kroger,2012-12-31,2022-12-31,CLOSED,805841.015,626600,01/02/2013,"Kroger Co.
			   15802 Champion Forest DrSpring, TX 77379","19245 David Memorial Dr., Shenandoah, TX 77385",NonUnion,,445110/Supermarkets and Other Grocery (except Convenience) Stores,Fat/Cat,Partial,N,Private,Safety,01/02/2013,,03/20/2013,805841.015,37436.015,12/05/2012,Employee Trips And Later Is Killed,Houston North, ,"On December 5, 2012, an employee was stocking shelves in the beer and wine area when the employee tripped over a section of damaged wood flooring that was stick ing up. The employee received a broken hip that required surgery and later died from complications resulting from the surgery.","fall, hip, tripped",,,Current Penalty,$0,$0,$0,"$7,000",$0,"$7,000",805841.015
748,316852474.0,11/14/2012,355111,VA,Complaint,Partial,5411.0,445110,1,Kroger Co,Kroger,2010-01-01,2012-12-30,ERROR,316852474.0,355111,11/14/2012,"Kroger Co
			   Store #501, 2821 Hicks RoadNorth Chesterfield, VA 23235","2821 Hicks Road, North Chesterfield, VA 23235",NonUnion,5411.0,445110/Supermarkets and Other Grocery (except Convenience) Stores,Complaint,Partial,N,Private,Safety,11/14/2012,,03/26/2013,316852474.0,,,,,,,,,,Current Penalty,$0,$0,"$10,500",$0,$0,"$10,500",316852474.0
753,669699.015,10/04/2012,522500,OH,Complaint,Partial,,493120,1,Kroger Distribution Center,Kroger,2010-01-01,2012-12-30,CLOSED,669699.015,522500,10/04/2012,"Kroger Distribution Center
			   2000 Nutter Farms LaneDelaware, OH 43015","2000 Nutter Farms Lane, Delaware, OH 43015",Union,,493120/Refrigerated Warehousing and Storage,Complaint,Partial,N,Private,Safety,10/04/2012,L,04/14/2014,669699.015,,,,,,,,,,Current Penalty,"$7,000",$0,$0,$0,$0,"$7,000",669699.015
758,316608942.0,08/22/2012,355123,VA,Complaint,Partial,5411.0,445110,4,Kroger,Kroger,2010-01-01,2012-12-30,ERROR,316608942.0,355123,08/22/2012,"Kroger
			   72 Kingston DriveDaleville, VA 24083",", ,  00000",Union,5411.0,445110/Supermarkets and Other Grocery (except Convenience) Stores,Complaint,Partial,N,Private,Health,08/22/2012,,09/18/2012,316608942.0,,,,,,,,,Health-Manufacturing,Current Penalty,"$1,102",$0,$0,$0,$0,"$1,102",316608942.0
763,536598.015,07/25/2012,522500,OH,Complaint,Partial,,445110,2,Kroger #922,Kroger,2010-01-01,2012-12-30,CLOSED,536598.015,522500,07/25/2012,"Kroger #922
			   1735 North Memorial DriveLancaster, OH 43130","1735 North Memorial Drive, Lancaster, OH 43130",Union,,445110/Supermarkets and Other Grocery (except Convenience) Stores,Complaint,Partial,N,Private,Health,07/25/2012,,10/23/2012,536598.015,,,,,,,,,,Current Penalty,"$3,927",$0,$0,$0,$0,"$3,927",536598.015
768,283858.015,03/29/2012,522500,OH,Complaint,Partial,,493120,1,Kroger Great Lakes Distribution Center,Kroger,2010-01-01,2012-12-30,CLOSED,283858.015,522500,03/29/2012,"Kroger Great Lakes Distribution Center
			   2000 Nutter Farms LaneDelaware, OH 43015","2000 Nutter Farms Lane, Delaware, OH 43015",Union,,493120/Refrigerated Warehousing and Storage,Complaint,Partial,N,Private,Safety,03/29/2012,L,06/14/2012,283858.015,,,,,,,,,,Current Penalty,$0,$0,$0,"$4,675",$0,"$4,675",283858.015
773,315227959.0,02/28/2012,316400,WV,Complaint,Partial,5141.0,445110,2,"Kroger, Lp Store #807",Kroger,2010-01-01,2012-12-30,ERROR,315227959.0,316400,02/28/2012,"Kroger, Lp Store #807
			   223 The Crossings Shopping CenterElkview, WV 25071",", ,  00000",Union,5141.0,445110/Supermarkets and Other Grocery (except Convenience) Stores,Complaint,Partial,N,Private,Safety,03/01/2012,,04/27/2012,315227959.0,,,,,,,,,,Current Penalty,"$6,750",$0,$0,$0,$0,"$6,750",315227959.0
778,315861765.0,01/03/2012,551800,IN,Planned,Complete,5141.0,445110,3,Kroger Co,Kroger,2010-01-01,2012-12-30,ERROR,315861765.0,551800,01/03/2012,"Kroger Co
			   1005 W 7th StAuburn, IN 46706",", ,  00000",Union,5141.0,445110/Supermarkets and Other Grocery (except Convenience) Stores,Planned,Complete,N,Private,Safety,01/03/2012,N,02/20/2012,315861765.0,,,,,,,,,Safety-Manufacturing,Current Penalty,"$1,219",$0,$0,$0,$0,"$1,219",315861765.0
783,316281492.0,01/03/2012,355123,VA,Complaint,Partial,5141.0,445110,1,Kroger (Store #209),Kroger,2010-01-01,2012-12-30,ERROR,316281492.0,355123,01/03/2012,"Kroger (Store #209)
			   7223 Williamson Road Nw2100770, VA 24019","7223 Williamson Road Nw, Roanoke, VA 24019",NonUnion,5141.0,445110/Supermarkets and Other Grocery (except Convenience) Stores,Complaint,Partial,N,Private,Health,01/03/2012,,02/17/2012,316281492.0,,,,,,,,,Health-Manufacturing,Current Penalty,$0,$0,$0,$0,$0,$0,316281492.0
788,315992701.0,09/28/2011,355118,VA,Complaint,Partial,5411.0,445110,5,Kroger,Kroger,2010-01-01,2012-12-30,ERROR,315992701.0,355118,09/28/2011,"Kroger
			   7480 Lee HighwayRadford, VA 24141","3631 Peters Creek Road, Roanoke, VA 24019",Union,5411.0,445110/Supermarkets and Other Grocery (except Convenience) Stores,Complaint,Partial,N,Private,Safety,10/03/2011,,01/10/2012,315992701.0,,,,,,,,,Safety-Manufacturing,Current Penalty,"$8,085",$0,$0,$0,$0,"$8,085",315992701.0
793,315226076.0,08/24/2011,316400,WV,Planned,Complete,5411.0,445110,3,Kroger Limited Partnership,Kroger,2010-01-01,2012-12-30,ERROR,315226076.0,316400,08/24/2011,"Kroger Limited Partnership
			   198 Emily DriveClarksburg, WV 26301",", ,  00000",Union,5411.0,445110/Supermarkets and Other Grocery (except Convenience) Stores,Planned,Complete,N,Private,Safety,08/24/2011,N,11/15/2011,315226076.0,,,,,,,,,Safety-Manufacturing,Current Penalty,"$7,013",$0,$0,$0,$0,"$7,013",315226076.0
798,315747634.0,06/22/2011,355111,VA,Complaint,Partial,5411.0,445110,4,Kroger Co,Kroger,2010-01-01,2012-12-30,ERROR,315747634.0,355111,06/22/2011,"Kroger Co
			   Store #405, 903 S. Main StreetFarmville, VA 23901",", ,  00000",Union,5411.0,445110/Supermarkets and Other Grocery (except Convenience) Stores,Complaint,Partial,N,Private,Safety,06/22/2011,,10/13/2011,315747634.0,,,,,,,,,,Current Penalty,"$2,573",$0,$0,$0,$0,"$2,573",315747634.0
803,314210774.0,06/21/2011,418100,GA,Complaint,Partial,5141.0,424410,2,Kroger Store 636,Kroger,2010-01-01,2012-12-30,ERROR,314210774.0,418100,06/21/2011,"Kroger Store 636
			   3093 Steve Reynolds Blvd.Duluth, GA 30096",", ,  00000",Union,5141.0,424410/General Line Grocery Merchant Wholesalers,Complaint,Partial,N,Private,Safety,06/21/2011,L,07/25/2011,314210774.0,,,,,,,,,,Current Penalty,"$4,465",$0,$0,$0,$0,"$4,465",314210774.0
808,315041590.0,04/13/2011,551800,IN,Complaint,Partial,5411.0,445110,1,Kroger,Kroger,2010-01-01,2012-12-30,ERROR,315041590.0,551800,04/13/2011,"Kroger
			   11700 Olio RoadFishers, IN 46038",", ,  00000",Union,5411.0,445110/Supermarkets and Other Grocery (except Convenience) Stores,Complaint,Partial,N,Private,Safety,04/13/2011,,06/06/2011,315041590.0,,,,,,,,,Safety-Manufacturing,Current Penalty,"$1,381",$0,$0,$0,$0,"$1,381",315041590.0
813,315273573.0,01/21/2011,522000,OH,Complaint,Partial,5411.0,445110,1,Kroger Lp 1,Kroger,2010-01-01,2012-12-30,ERROR,315273573.0,522000,01/21/2011,"Kroger Lp 1
			   6388 Branch Hill Guinea PikeLoveland, OH 45140",", ,  00000",Union,5411.0,445110/Supermarkets and Other Grocery (except Convenience) Stores,Complaint,Partial,N,Private,Safety,02/24/2011,N,04/01/2011,315273573.0,,,,,,,,,,Current Penalty,$0,$0,$0,$0,$0,$0,315273573.0
818,314277005.0,01/14/2011,636900,TX,Accident,Partial,5411.0,445110,1,Kroger Food Store #491,Kroger,2010-01-01,2012-12-30,ERROR,314277005.0,636900,01/14/2011,"Kroger Food Store #491
			   1420 E. Hwy. 377Granbury, TX 76048",", ,  00000",Union,5411.0,445110/Supermarkets and Other Grocery (except Convenience) Stores,Accident,Partial,Y,Private,Health,05/09/2011,,06/03/2011,314277005.0,200714061.0,01/12/2011,Employee Dies From Heart Attack,Fort Worth, ,"On January 12, 2011, Employee #1 and a coworker were working at a grocery store, relocating shopping carts from the parking lot to a designated location at the entrance of the store. The coworker was the first to return a batch of carts to the designated area, with Employee #1 right behind him. While Employee #1 was storing the remainder of his carts, the coworker went back out to the parking lot to retrieve additional carts. As the coworker returned with more carts, entering the designated storage area, he discovered Employee #1 on the floor. Employee #1 was suffering from a heart attack. Emergency services were contacted, while the coworker rendered CPR. Employee #1 was taken to a nearby hospital, where he died.","chest, heart, heart attack, cardiovasc disease",,,Current Penalty,$0,$0,$0,$800,$0,$800,314277005.0
823,312079916.0,01/14/2011,552652,MI,Planned,Complete,5411.0,445110,7,The Kroger Co,Kroger,2010-01-01,2012-12-30,ERROR,312079916.0,552652,01/14/2011,"The Kroger Co
			   2600 Pointe TrembleAlgonac, MI 48001",", ,  00000",Union,5411.0,445110/Supermarkets and Other Grocery (except Convenience) Stores,Planned,Complete,N,Private,Safety,01/14/2011,S,06/28/2012,312079916.0,,,,,,,,,Safety-Manufacturing,Current Penalty,"$1,575",$0,$0,$0,$0,"$1,575",312079916.0
828,314590225.0,12/15/2010,522500,OH,Complaint,Partial,5411.0,445110,2,Kroger,Kroger,2010-01-01,2012-12-30,ERROR,314590225.0,522500,12/15/2010,"Kroger
			   1840 Columbus PikeDelaware, OH 43015",", ,  00000",Union,5411.0,445110/Supermarkets and Other Grocery (except Convenience) Stores,Complaint,Partial,N,Private,Safety,12/15/2010,S,01/27/2011,314590225.0,,,,,,,,,,Current Penalty,"$3,927",$0,$0,$0,$0,"$3,927",314590225.0
833,314847385.0,10/19/2010,524500,IL,Complaint,Partial,5411.0,445110,3,The Kroger Co.,Kroger,2010-01-01,2012-12-30,ERROR,314847385.0,524500,10/19/2010,"The Kroger Co.
			   1001 W. Jackson St.Morton, IL 61550",", ,  00000",Union,5411.0,445110/Supermarkets and Other Grocery (except Convenience) Stores,Complaint,Partial,N,Private,Safety,10/19/2010,,02/15/2011,314847385.0,,,,,,,,,,Current Penalty,"$3,500",$0,$0,"$1,400",$0,"$4,900",314847385.0
838,312924780.0,10/18/2010,626700,TX,Referral,Partial,5411.0,445110,3,Kroger,Kroger,2010-01-01,2012-12-30,ERROR,312924780.0,626700,10/18/2010,"Kroger
			   12555 Briar ForestHouston, TX 77077","19245 David Memorial Drive, Shenandoah, TX 77385",Union,5411.0,445110/Supermarkets and Other Grocery (except Convenience) Stores,Referral,Partial,N,Private,Safety,10/18/2010,,02/17/2011,312924780.0,,,,,,,,,Safety-Manufacturing,Current Penalty,"$4,200",$0,$0,$0,$0,"$4,200",312924780.0
843,314648965.0,07/06/2010,454722,TN,Complaint,Partial,5411.0,445110,1,The Kroger Company,Kroger,2010-01-01,2012-12-30,ERROR,314648965.0,454722,07/06/2010,"The Kroger Company
			   143 Mcgavock PikeNashville, TN 37214",", ,  00000",Union,5411.0,445110/Supermarkets and Other Grocery (except Convenience) Stores,Complaint,Partial,N,Private,Health,09/14/2010,,10/26/2010,314648965.0,,,,,,,,,,Current Penalty,"$2,400",$0,$0,$0,$0,"$2,400",314648965.0
848,314100561.0,06/14/2010,522000,OH,Referral,Partial,2024.0,311520,4,Kroger Co. Dba Springfield Ice Cream & Beverage,Kroger,2010-01-01,2012-12-30,ERROR,314100561.0,522000,06/14/2010,"Kroger Co. Dba Springfield Ice Cream & Beverage
			   11801 Chesterdale RoadCincinnati, OH 45246",", ,  00000",Union,2024.0,311520/Ice Cream and Frozen Dessert Manufacturing,Referral,Partial,N,Private,Health,06/23/2010,,09/29/2011,314100561.0,,,,,,,,,,Current Penalty,"$2,500",$0,$0,"$2,500",$0,"$5,000",314100561.0
853,314333295.0,04/16/2010,627100,AR,Complaint,Partial,5411.0,445110,1,Kroger Store #608,Kroger,2010-01-01,2012-12-30,ERROR,314333295.0,627100,04/16/2010,"Kroger Store #608
			   16105 Chenal PkyLittle Rock, AR 72223","16105 Chenal Pky, Litte Rock, AR 72223",Union,5411.0,445110/Supermarkets and Other Grocery (except Convenience) Stores,Complaint,Partial,N,Private,Safety,04/16/2010,,06/24/2010,314333295.0,,,,,,,,,,Current Penalty,$840,$0,$0,$0,$0,$840,314333295.0
858,312007560.0,04/09/2010,552652,MI,Planned,Complete,5411.0,445110,9,Kroger Co #709,Kroger,2010-01-01,2012-12-30,ERROR,312007560.0,552652,04/09/2010,"Kroger Co #709
			   9741 Dixie HwyClarkston, MI 48348",", ,  00000",Union,5411.0,445110/Supermarkets and Other Grocery (except Convenience) Stores,Planned,Complete,N,Private,Safety,04/12/2010,S,06/09/2010,312007560.0,,,,,,,,,Safety-Manufacturing,Current Penalty,"$1,300",$0,$0,$0,$0,"$1,300",312007560.0
863,312038375.0,04/01/2010,552652,MI,Complaint,Partial,5411.0,445110,1,Kroger #520,Kroger,2010-01-01,2012-12-30,ERROR,312038375.0,552652,04/01/2010,"Kroger #520
			   1771 E Michigan AveYpsilanti, MI 48198","40399 Grand River, Novi, MI 48375",Union,5411.0,445110/Supermarkets and Other Grocery (except Convenience) Stores,Complaint,Partial,N,Private,Safety,04/01/2010,,10/31/2011,312038375.0,,,,,,,,,Safety-Manufacturing,Current Penalty,$450,$0,$0,$0,$0,$450,312038375.0
868,313832123.0,03/15/2010,551800,IN,Accident,Partial,5411.0,445110,3,Kroger Company D/B/A Kroger #J956,Kroger,2010-01-01,2012-12-30,ERROR,313832123.0,551800,03/15/2010,"Kroger Company D/B/A Kroger #J956
			   1700 Northwood PlazaFranklin, IN 46131","5960 Castleway Drive N, Indianapolis, IN 46250",Union,5411.0,445110/Supermarkets and Other Grocery (except Convenience) Stores,Accident,Partial,Y,Private,Safety,04/08/2010,,01/13/2011,313832123.0,200998128.0,03/15/2010,Employee Is Struck By Pallet And Dies From Asphyxiation,Indiana, ,"On March 15, 2010, Employee #1 stacked one pallet of bottled water on top of a second pallet of bottled water. The stacked pallets became unstable when the employee moved them. Shortly after, the stacked pallets toppled onto the employee. Employee #1 died from mechanical asphyxiation.","asphyxiated, pallet, struck by, unstable load",,Safety-Manufacturing,Current Penalty,"$7,000",$0,$0,"$1,000",$0,"$8,000",313832123.0
873,313154023.0,02/12/2010,522500,OH,Complaint,Partial,5141.0,424410,1,Kroger Distribution Center,Kroger,2010-01-01,2012-12-30,ERROR,313154023.0,522500,02/12/2010,"Kroger Distribution Center
			   2000 Nutter Farms LaneDelaware, OH 43015",", ,  00000",Union,5141.0,424410/General Line Grocery Merchant Wholesalers,Complaint,Partial,N,Private,Safety,02/12/2010,L,10/01/2010,313154023.0,,,,,,,,,,Current Penalty,$0,$0,$0,"$2,000",$0,"$2,000",313154023.0
