Violations/Penalties,Serious,Willful,Repeat,Other,Unclass,Total,activity_code
Initial Violations,,,,1,,1,1617962.015
Current Violations,,,,1,,1,1617962.015
Initial Penalty,$0,$0,$0,$0,$0,$0,1617962.015
Current Penalty,$0,$0,$0,$0,$0,$0,1617962.015
FTA Penalty,$0,$0,$0,$0,$0,$0,1617962.015
Initial Violations,,,,1,,1,1617558.015
Current Violations,,,,1,,1,1617558.015
Initial Penalty,$0,$0,$0,$0,$0,$0,1617558.015
Current Penalty,$0,$0,$0,$0,$0,$0,1617558.015
FTA Penalty,$0,$0,$0,$0,$0,$0,1617558.015
Initial Violations,,,,1,,1,1618144.015
Current Violations,,,,1,,1,1618144.015
Initial Penalty,$0,$0,$0,"$5,000",$0,"$5,000",1618144.015
Current Penalty,$0,$0,$0,"$5,000",$0,"$5,000",1618144.015
FTA Penalty,$0,$0,$0,$0,$0,$0,1618144.015
Initial Violations,1,,,,,1,1616220.015
Current Violations,1,,,,,1,1616220.015
Initial Penalty,"$4,500",$0,$0,$0,$0,"$4,500",1616220.015
Current Penalty,"$2,250",$0,$0,$0,$0,"$2,250",1616220.015
FTA Penalty,$0,$0,$0,$0,$0,$0,1616220.015
Initial Violations,,,,2,,2,1608665.015
Current Violations,,,,1,,1,1608665.015
Initial Penalty,$0,$0,$0,$630,$0,$630,1608665.015
Current Penalty,$0,$0,$0,$315,$0,$315,1608665.015
FTA Penalty,$0,$0,$0,$0,$0,$0,1608665.015
Initial Violations,2,,,,,2,1606171.015
Current Violations,2,,,,,2,1606171.015
Initial Penalty,"$29,004",$0,$0,$0,$0,"$29,004",1606171.015
Current Penalty,"$29,004",$0,$0,$0,$0,"$29,004",1606171.015
FTA Penalty,$0,$0,$0,$0,$0,$0,1606171.015
Initial Violations,1,,,,,1,1605577.015
Current Violations,1,,,,,1,1605577.015
Initial Penalty,"$12,431",$0,$0,$0,$0,"$12,431",1605577.015
Current Penalty,"$12,431",$0,$0,$0,$0,"$12,431",1605577.015
FTA Penalty,$0,$0,$0,$0,$0,$0,1605577.015
Initial Violations,1,,,,,1,1605398.015
Current Violations,1,,,,,1,1605398.015
Initial Penalty,"$8,287",$0,$0,$0,$0,"$8,287",1605398.015
Current Penalty,"$8,287",$0,$0,$0,$0,"$8,287",1605398.015
FTA Penalty,$0,$0,$0,$0,$0,$0,1605398.015
Initial Violations,,,1,,,1,1604505.015
Current Violations,,,,1,,1,1604505.015
Initial Penalty,$0,$0,"$20,720",$0,$0,"$20,720",1604505.015
Current Penalty,$0,$0,$0,"$10,360",$0,"$10,360",1604505.015
FTA Penalty,$0,$0,$0,$0,$0,$0,1604505.015
Initial Violations,1,,,,,1,1602840.015
Current Violations,,,,1,,1,1602840.015
Initial Penalty,"$1,200",$0,$0,$0,$0,"$1,200",1602840.015
Current Penalty,$0,$0,$0,$950,$0,$950,1602840.015
FTA Penalty,$0,$0,$0,$0,$0,$0,1602840.015
Initial Violations,,,,1,,1,1602445.015
Current Violations,,,,1,,1,1602445.015
Initial Penalty,$0,$0,$0,$600,$0,$600,1602445.015
Current Penalty,$0,$0,$0,$600,$0,$600,1602445.015
FTA Penalty,$0,$0,$0,$0,$0,$0,1602445.015
Initial Violations,,,,3,,3,1600312.015
Current Violations,,,,3,,3,1600312.015
Initial Penalty,$0,$0,$0,"$5,163",$0,"$5,163",1600312.015
Current Penalty,$0,$0,$0,"$5,163",$0,"$5,163",1600312.015
FTA Penalty,$0,$0,$0,$0,$0,$0,1600312.015
Initial Violations,,,,4,,4,1598901.015
Current Violations,,,,4,,4,1598901.015
Initial Penalty,$0,$0,$0,"$2,000",$0,"$2,000",1598901.015
Current Penalty,$0,$0,$0,"$2,000",$0,"$2,000",1598901.015
FTA Penalty,$0,$0,$0,$0,$0,$0,1598901.015
Initial Violations,,,,4,,4,1595404.015
Current Violations,,,,4,,4,1595404.015
Initial Penalty,$0,$0,$0,"$2,625",$0,"$2,625",1595404.015
Current Penalty,$0,$0,$0,"$2,625",$0,"$2,625",1595404.015
FTA Penalty,$0,$0,$0,$0,$0,$0,1595404.015
Initial Violations,1,,,1,,2,1595365.015
Current Violations,,,,1,,1,1595365.015
Initial Penalty,"$14,502",$0,$0,"$1,163",$0,"$15,665",1595365.015
Current Penalty,$0,$0,$0,"$8,000",$0,"$8,000",1595365.015
FTA Penalty,$0,$0,$0,$0,$0,$0,1595365.015
Initial Violations,1,,,,,1,1594520.015
Current Violations,1,,,,,1,1594520.015
Initial Penalty,"$2,250",$0,$0,$0,$0,"$2,250",1594520.015
Current Penalty,"$2,250",$0,$0,$0,$0,"$2,250",1594520.015
FTA Penalty,$0,$0,$0,$0,$0,$0,1594520.015
Initial Violations,,,,1,,1,1588306.015
Current Violations,,,,1,,1,1588306.015
Initial Penalty,$0,$0,$0,$420,$0,$420,1588306.015
Current Penalty,$0,$0,$0,$420,$0,$420,1588306.015
FTA Penalty,$0,$0,$0,$0,$0,$0,1588306.015
Initial Violations,1,,,,,1,1588117.015
Current Violations,,,,1,,1,1588117.015
Initial Penalty,"$14,502",$0,$0,$0,$0,"$14,502",1588117.015
Current Penalty,$0,$0,$0,"$3,500",$0,"$3,500",1588117.015
FTA Penalty,$0,$0,$0,$0,$0,$0,1588117.015
Initial Violations,,,,1,,1,1587747.015
Current Violations,,,,1,,1,1587747.015
Initial Penalty,$0,$0,$0,"$3,500",$0,"$3,500",1587747.015
Current Penalty,$0,$0,$0,"$2,975",$0,"$2,975",1587747.015
FTA Penalty,$0,$0,$0,$0,$0,$0,1587747.015
Initial Violations,,,,1,,1,1586021.015
Current Violations,,,,1,,1,1586021.015
Initial Penalty,$0,$0,$0,$175,$0,$175,1586021.015
Current Penalty,$0,$0,$0,$175,$0,$175,1586021.015
FTA Penalty,$0,$0,$0,$0,$0,$0,1586021.015
Initial Violations,,,,4,,4,1583690.015
Current Violations,,,,4,,4,1583690.015
Initial Penalty,$0,$0,$0,"$1,725",$0,"$1,725",1583690.015
Current Penalty,$0,$0,$0,"$1,725",$0,"$1,725",1583690.015
FTA Penalty,$0,$0,$0,$0,$0,$0,1583690.015
Initial Violations,,,,2,,2,1583501.015
Current Violations,,,,2,,2,1583501.015
Initial Penalty,$0,$0,$0,$0,$0,$0,1583501.015
Current Penalty,$0,$0,$0,$0,$0,$0,1583501.015
FTA Penalty,$0,$0,$0,$0,$0,$0,1583501.015
Initial Violations,,,,3,,3,1580712.015
Current Violations,,,,1,,1,1580712.015
Initial Penalty,$0,$0,$0,"$6,216",$0,"$6,216",1580712.015
Current Penalty,$0,$0,$0,"$1,000",$0,"$1,000",1580712.015
FTA Penalty,$0,$0,$0,$0,$0,$0,1580712.015
Initial Violations,2,,,,,2,1579336.015
Current Violations,1,,,,,1,1579336.015
Initial Penalty,"$24,862",$0,$0,$0,$0,"$24,862",1579336.015
Current Penalty,"$12,431",$0,$0,$0,$0,"$12,431",1579336.015
FTA Penalty,$0,$0,$0,$0,$0,$0,1579336.015
Initial Violations,5,,,,,5,1577014.015
Current Violations,5,,,,,5,1577014.015
Initial Penalty,"$60,081",$0,$0,$0,$0,"$60,081",1577014.015
Current Penalty,"$60,081",$0,$0,$0,$0,"$60,081",1577014.015
FTA Penalty,$0,$0,$0,$0,$0,$0,1577014.015
Initial Violations,1,,,,,1,1576433.015
Current Violations,1,,,,,1,1576433.015
Initial Penalty,"$6,632",$0,$0,$0,$0,"$6,632",1576433.015
Current Penalty,"$6,632",$0,$0,$0,$0,"$6,632",1576433.015
FTA Penalty,$0,$0,$0,$0,$0,$0,1576433.015
Initial Violations,,,,1,,1,1574684.015
Current Violations,,,,1,,1,1574684.015
Initial Penalty,$0,$0,$0,"$1,163",$0,"$1,163",1574684.015
Current Penalty,$0,$0,$0,$872,$0,$872,1574684.015
FTA Penalty,$0,$0,$0,$0,$0,$0,1574684.015
Initial Violations,1,,,2,,3,1575572.015
Current Violations,1,,,2,,3,1575572.015
Initial Penalty,"$6,750",$0,$0,$370,$0,"$7,120",1575572.015
Current Penalty,"$3,375",$0,$0,$370,$0,"$3,745",1575572.015
FTA Penalty,$0,$0,$0,$0,$0,$0,1575572.015
Initial Violations,,,,2,,2,1570673.015
Current Violations,,,,1,,1,1570673.015
Initial Penalty,$0,$0,$0,"$1,200",$0,"$1,200",1570673.015
Current Penalty,$0,$0,$0,$400,$0,$400,1570673.015
FTA Penalty,$0,$0,$0,$0,$0,$0,1570673.015
Initial Violations,2,,,,,2,1569555.015
Current Violations,2,,,,,2,1569555.015
Initial Penalty,"$10,000",$0,$0,$0,$0,"$10,000",1569555.015
Current Penalty,"$10,000",$0,$0,$0,$0,"$10,000",1569555.015
FTA Penalty,$0,$0,$0,$0,$0,$0,1569555.015
Initial Violations,1,,,3,,4,1569761.015
Current Violations,1,,,3,,4,1569761.015
Initial Penalty,"$18,000",$0,$0,"$5,800",$0,"$23,800",1569761.015
Current Penalty,"$18,000",$0,$0,"$5,800",$0,"$23,800",1569761.015
FTA Penalty,$0,$0,$0,$0,$0,$0,1569761.015
Initial Violations,,,,1,,1,1568859.015
Current Violations,,,,1,,1,1568859.015
Initial Penalty,$0,$0,$0,"$1,700",$0,"$1,700",1568859.015
Current Penalty,$0,$0,$0,$850,$0,$850,1568859.015
FTA Penalty,$0,$0,$0,$0,$0,$0,1568859.015
Initial Violations,1,,,,,1,1568886.015
Current Violations,1,,,,,1,1568886.015
Initial Penalty,"$7,044",$0,$0,$0,$0,"$7,044",1568886.015
Current Penalty,"$7,044",$0,$0,$0,$0,"$7,044",1568886.015
FTA Penalty,$0,$0,$0,$0,$0,$0,1568886.015
Initial Violations,2,,,,,2,1567532.015
Current Violations,,,,1,,1,1567532.015
Initial Penalty,"$29,004",$0,$0,$0,$0,"$29,004",1567532.015
Current Penalty,$0,$0,$0,"$7,250",$0,"$7,250",1567532.015
FTA Penalty,$0,$0,$0,$0,$0,$0,1567532.015
Initial Violations,1,,,,,1,1567394.015
Current Violations,1,,,,,1,1567394.015
Initial Penalty,"$13,559",$0,$0,$0,$0,"$13,559",1567394.015
Current Penalty,"$13,559",$0,$0,$0,$0,"$13,559",1567394.015
FTA Penalty,$0,$0,$0,$0,$0,$0,1567394.015
Initial Violations,1,,,,,1,1568294.015
Current Violations,1,,,,,1,1568294.015
Initial Penalty,"$4,500",$0,$0,$0,$0,"$4,500",1568294.015
Current Penalty,"$4,500",$0,$0,$0,$0,"$4,500",1568294.015
FTA Penalty,$0,$0,$0,$0,$0,$0,1568294.015
Initial Violations,1,,,6,,7,1565956.015
Current Violations,,,,4,,4,1565956.015
Initial Penalty,"$7,650",$0,$0,"$2,435",$0,"$10,085",1565956.015
Current Penalty,$0,$0,$0,$955,$0,$955,1565956.015
FTA Penalty,$0,$0,$0,$0,$0,$0,1565956.015
Initial Violations,,,,1,,1,1566012.015
Current Violations,,,,1,,1,1566012.015
Initial Penalty,$0,$0,$0,"$2,700",$0,"$2,700",1566012.015
Current Penalty,$0,$0,$0,"$2,200",$0,"$2,200",1566012.015
FTA Penalty,$0,$0,$0,$0,$0,$0,1566012.015
Initial Violations,,,,1,,1,1567500.015
Current Violations,,,,1,,1,1567500.015
Initial Penalty,$0,$0,$0,"$3,000",$0,"$3,000",1567500.015
Current Penalty,$0,$0,$0,"$3,000",$0,"$3,000",1567500.015
FTA Penalty,$0,$0,$0,$0,$0,$0,1567500.015
Initial Violations,1,,,1,,2,1562904.015
Current Violations,,,,1,,1,1562904.015
Initial Penalty,"$2,100",$0,$0,$0,$0,"$2,100",1562904.015
Current Penalty,$0,$0,$0,$0,$0,$0,1562904.015
FTA Penalty,$0,$0,$0,$0,$0,$0,1562904.015
Initial Violations,,,,1,,1,1561852.015
Current Violations,,,,1,,1,1561852.015
Initial Penalty,$0,$0,$0,$0,$0,$0,1561852.015
Current Penalty,$0,$0,$0,$0,$0,$0,1561852.015
FTA Penalty,$0,$0,$0,$0,$0,$0,1561852.015
Initial Violations,,,,1,,1,1562563.015
Current Violations,,,,1,,1,1562563.015
Initial Penalty,$0,$0,$0,$185,$0,$185,1562563.015
Current Penalty,$0,$0,$0,$185,$0,$185,1562563.015
FTA Penalty,$0,$0,$0,$0,$0,$0,1562563.015
Initial Violations,,,2,1,,3,1559888.015
Current Violations,,,2,1,,3,1559888.015
Initial Penalty,$0,$0,"$50,000",$210,$0,"$50,210",1559888.015
Current Penalty,$0,$0,"$50,000",$210,$0,"$50,210",1559888.015
FTA Penalty,$0,$0,$0,$0,$0,$0,1559888.015
Initial Violations,,,,3,,3,1556919.015
Current Violations,,,,1,,1,1556919.015
Initial Penalty,$0,$0,$0,"$3,874",$0,"$3,874",1556919.015
Current Penalty,$0,$0,$0,$0,$0,$0,1556919.015
FTA Penalty,$0,$0,$0,$0,$0,$0,1556919.015
Initial Violations,,,,1,,1,1555579.015
Current Violations,,,,1,,1,1555579.015
Initial Penalty,$0,$0,$0,$0,$0,$0,1555579.015
Current Penalty,$0,$0,$0,$0,$0,$0,1555579.015
FTA Penalty,$0,$0,$0,$0,$0,$0,1555579.015
Initial Violations,1,,,,,1,1549823.015
Current Violations,,,,1,,1,1549823.015
Initial Penalty,"$10,360",$0,$0,$0,$0,"$10,360",1549823.015
Current Penalty,$0,$0,$0,"$7,770",$0,"$7,770",1549823.015
FTA Penalty,$0,$0,$0,$0,$0,$0,1549823.015
Initial Violations,1,,,,,1,1547108.015
Current Violations,,,,1,,1,1547108.015
Initial Penalty,"$13,653",$0,$0,$0,$0,"$13,653",1547108.015
Current Penalty,$0,$0,$0,"$13,653",$0,"$13,653",1547108.015
FTA Penalty,$0,$0,$0,$0,$0,$0,1547108.015
Initial Violations,,,,3,,3,1545765.015
Current Violations,,,,2,,2,1545765.015
Initial Penalty,$0,$0,$0,$0,$0,$0,1545765.015
Current Penalty,$0,$0,$0,$0,$0,$0,1545765.015
FTA Penalty,$0,$0,$0,$0,$0,$0,1545765.015
Initial Violations,1,,,2,,3,1546084.015
Current Violations,1,,,2,,3,1546084.015
Initial Penalty,"$3,600",$0,$0,$0,$0,"$3,600",1546084.015
Current Penalty,"$3,240",$0,$0,$0,$0,"$3,240",1546084.015
FTA Penalty,$0,$0,$0,$0,$0,$0,1546084.015
Initial Violations,,,,1,,1,1546860.015
Current Violations,,,,1,,1,1546860.015
Initial Penalty,$0,$0,$0,$0,$0,$0,1546860.015
Current Penalty,$0,$0,$0,$0,$0,$0,1546860.015
FTA Penalty,$0,$0,$0,$0,$0,$0,1546860.015
Initial Violations,,,,1,,1,1542614.015
Current Violations,,,,1,,1,1542614.015
Initial Penalty,$0,$0,$0,"$5,400",$0,"$5,400",1542614.015
Current Penalty,$0,$0,$0,$0,$0,$0,1542614.015
FTA Penalty,$0,$0,$0,$0,$0,$0,1542614.015
Initial Violations,1,,,,,1,1542038.015
Current Violations,1,,,,,1,1542038.015
Initial Penalty,"$7,802",$0,$0,$0,$0,"$7,802",1542038.015
Current Penalty,"$7,802",$0,$0,$0,$0,"$7,802",1542038.015
FTA Penalty,$0,$0,$0,$0,$0,$0,1542038.015
Initial Violations,5,,,2,,7,1541266.015
Current Violations,,,,4,,4,1541266.015
Initial Penalty,"$37,869",$0,$0,"$1,642",$0,"$39,511",1541266.015
Current Penalty,$0,$0,$0,"$16,000",$0,"$16,000",1541266.015
FTA Penalty,$0,$0,$0,$0,$0,$0,1541266.015
Initial Violations,1,,,,,1,1540203.015
Current Violations,1,,,,,1,1540203.015
Initial Penalty,"$13,653",$0,$0,$0,$0,"$13,653",1540203.015
Current Penalty,"$13,653",$0,$0,$0,$0,"$13,653",1540203.015
FTA Penalty,$0,$0,$0,$0,$0,$0,1540203.015
Initial Violations,1,,,,,1,1537489.015
Current Violations,1,,,,,1,1537489.015
Initial Penalty,"$2,450",$0,$0,$0,$0,"$2,450",1537489.015
Current Penalty,"$2,450",$0,$0,$0,$0,"$2,450",1537489.015
FTA Penalty,$0,$0,$0,$0,$0,$0,1537489.015
Initial Violations,,,,1,,1,1533954.015
Current Violations,,,,1,,1,1533954.015
Initial Penalty,$0,$0,$0,"$5,000",$0,"$5,000",1533954.015
Current Penalty,$0,$0,$0,"$5,000",$0,"$5,000",1533954.015
FTA Penalty,$0,$0,$0,$0,$0,$0,1533954.015
Initial Violations,,,,2,,2,1532844.015
Current Violations,,,,2,,2,1532844.015
Initial Penalty,$0,$0,$0,$935,$0,$935,1532844.015
Current Penalty,$0,$0,$0,$935,$0,$935,1532844.015
FTA Penalty,$0,$0,$0,$0,$0,$0,1532844.015
Initial Violations,1,,,,,1,1531780.015
Current Violations,,,,1,,1,1531780.015
Initial Penalty,"$13,653",$0,$0,$0,$0,"$13,653",1531780.015
Current Penalty,$0,$0,$0,"$7,500",$0,"$7,500",1531780.015
FTA Penalty,$0,$0,$0,$0,$0,$0,1531780.015
Initial Violations,2,,,,,2,1526112.015
Current Violations,2,,,,,2,1526112.015
Initial Penalty,"$10,000",$0,$0,$0,$0,"$10,000",1526112.015
Current Penalty,"$10,000",$0,$0,$0,$0,"$10,000",1526112.015
FTA Penalty,$0,$0,$0,$0,$0,$0,1526112.015
Initial Violations,,,,1,,1,1525850.015
Current Violations,,,,1,,1,1525850.015
Initial Penalty,$0,$0,$0,"$2,700",$0,"$2,700",1525850.015
Current Penalty,$0,$0,$0,"$2,700",$0,"$2,700",1525850.015
FTA Penalty,$0,$0,$0,$0,$0,$0,1525850.015
Initial Violations,1,,,,,1,1522022.015
Current Violations,1,,,,,1,1522022.015
Initial Penalty,"$2,625",$0,$0,$0,$0,"$2,625",1522022.015
Current Penalty,"$2,625",$0,$0,$0,$0,"$2,625",1522022.015
FTA Penalty,$0,$0,$0,$0,$0,$0,1522022.015
Initial Violations,,,,2,,2,1517051.015
Current Violations,,,,2,,2,1517051.015
Initial Penalty,$0,$0,$0,"$5,200",$0,"$5,200",1517051.015
Current Penalty,$0,$0,$0,"$5,200",$0,"$5,200",1517051.015
FTA Penalty,$0,$0,$0,$0,$0,$0,1517051.015
Initial Violations,3,,3,2,,8,1514241.015
Current Violations,,,,6,,6,1514241.015
Initial Penalty,"$21,884",$0,"$1,287",$0,$0,"$23,171",1514241.015
Current Penalty,$0,$0,$0,"$11,586",$0,"$11,586",1514241.015
FTA Penalty,$0,$0,$0,$0,$0,$0,1514241.015
Initial Violations,,,,2,,2,1512248.015
Current Violations,,,,2,,2,1512248.015
Initial Penalty,$0,$0,$0,$790,$0,$790,1512248.015
Current Penalty,$0,$0,$0,$790,$0,$790,1512248.015
FTA Penalty,$0,$0,$0,$0,$0,$0,1512248.015
Initial Violations,1,,,,,1,1508123.015
Current Violations,,,,1,,1,1508123.015
Initial Penalty,"$7,270",$0,$0,$0,$0,"$7,270",1508123.015
Current Penalty,$0,$0,$0,"$4,500",$0,"$4,500",1508123.015
FTA Penalty,$0,$0,$0,$0,$0,$0,1508123.015
Initial Violations,,,,2,,2,1507787.015
Current Violations,,,,2,,2,1507787.015
Initial Penalty,$0,$0,$0,$0,$0,$0,1507787.015
Current Penalty,$0,$0,$0,$0,$0,$0,1507787.015
FTA Penalty,$0,$0,$0,$0,$0,$0,1507787.015
Initial Violations,3,,,,,3,1506767.015
Current Violations,,,,2,,2,1506767.015
Initial Penalty,"$25,746",$0,$0,$0,$0,"$25,746",1506767.015
Current Penalty,$0,$0,$0,"$12,873",$0,"$12,873",1506767.015
FTA Penalty,$0,$0,$0,$0,$0,$0,1506767.015
Initial Violations,,,,1,,1,1505904.015
Current Violations,,,,1,,1,1505904.015
Initial Penalty,$0,$0,$0,$420,$0,$420,1505904.015
Current Penalty,$0,$0,$0,$0,$0,$0,1505904.015
FTA Penalty,$0,$0,$0,$0,$0,$0,1505904.015
Initial Violations,,,,1,,1,1507604.015
Current Violations,,,,1,,1,1507604.015
Initial Penalty,$0,$0,$0,$900,$0,$900,1507604.015
Current Penalty,$0,$0,$0,$900,$0,$900,1507604.015
FTA Penalty,$0,$0,$0,$0,$0,$0,1507604.015
Initial Violations,,,,1,,1,1506018.015
Current Violations,,,,1,,1,1506018.015
Initial Penalty,$0,$0,$0,$0,$0,$0,1506018.015
Current Penalty,$0,$0,$0,$0,$0,$0,1506018.015
FTA Penalty,$0,$0,$0,$0,$0,$0,1506018.015
Initial Violations,1,,,,,1,1503964.015
Current Violations,1,,,,,1,1503964.015
Initial Penalty,"$4,000",$0,$0,$0,$0,"$4,000",1503964.015
Current Penalty,"$4,000",$0,$0,$0,$0,"$4,000",1503964.015
FTA Penalty,$0,$0,$0,$0,$0,$0,1503964.015
Initial Violations,1,,,,,1,1491480.015
Current Violations,1,,,,,1,1491480.015
Initial Penalty,"$22,950",$0,$0,$0,$0,"$22,950",1491480.015
Current Penalty,"$22,950",$0,$0,$0,$0,"$22,950",1491480.015
FTA Penalty,$0,$0,$0,$0,$0,$0,1491480.015
Initial Violations,1,,,,,1,1492165.015
Current Violations,1,,,,,1,1492165.015
Initial Penalty,"$2,700",$0,$0,$0,$0,"$2,700",1492165.015
Current Penalty,"$2,700",$0,$0,$0,$0,"$2,700",1492165.015
FTA Penalty,$0,$0,$0,$0,$0,$0,1492165.015
Initial Violations,,,,1,,1,1490035.015
Current Violations,,,,1,,1,1490035.015
Initial Penalty,$0,$0,$0,$0,$0,$0,1490035.015
Current Penalty,$0,$0,$0,$0,$0,$0,1490035.015
FTA Penalty,$0,$0,$0,$0,$0,$0,1490035.015
Initial Violations,,,,1,,1,1488012.015
Current Violations,,,,1,,1,1488012.015
Initial Penalty,$0,$0,$0,"$5,000",$0,"$5,000",1488012.015
Current Penalty,$0,$0,$0,"$5,000",$0,"$5,000",1488012.015
FTA Penalty,$0,$0,$0,$0,$0,$0,1488012.015
Initial Violations,1,,,,,1,1487531.015
Current Violations,1,,,,,1,1487531.015
Initial Penalty,"$12,617",$0,$0,$0,$0,"$12,617",1487531.015
Current Penalty,"$12,617",$0,$0,$0,$0,"$12,617",1487531.015
FTA Penalty,$0,$0,$0,$0,$0,$0,1487531.015
Initial Violations,,,1,,,1,1486123.015
Current Violations,,,,1,,1,1486123.015
Initial Penalty,$0,$0,"$19,280",$0,$0,"$19,280",1486123.015
Current Penalty,$0,$0,$0,"$12,000",$0,"$12,000",1486123.015
FTA Penalty,$0,$0,$0,$0,$0,$0,1486123.015
Initial Violations,1,,,,,1,1485107.015
Current Violations,1,,,,,1,1485107.015
Initial Penalty,"$2,800",$0,$0,$0,$0,"$2,800",1485107.015
Current Penalty,"$2,800",$0,$0,$0,$0,"$2,800",1485107.015
FTA Penalty,$0,$0,$0,$0,$0,$0,1485107.015
Initial Violations,1,,,,,1,1485188.015
Current Violations,1,,,,,1,1485188.015
Initial Penalty,"$18,000",$0,$0,$0,$0,"$18,000",1485188.015
Current Penalty,"$18,000",$0,$0,$0,$0,"$18,000",1485188.015
FTA Penalty,$0,$0,$0,$0,$0,$0,1485188.015
Initial Violations,1,,,,,1,1484241.015
Current Violations,1,,,,,1,1484241.015
Initial Penalty,"$12,145",$0,$0,$0,$0,"$12,145",1484241.015
Current Penalty,"$12,145",$0,$0,$0,$0,"$12,145",1484241.015
FTA Penalty,$0,$0,$0,$0,$0,$0,1484241.015
Initial Violations,1,,,,,1,1483167.015
Current Violations,1,,,,,1,1483167.015
Initial Penalty,"$8,675",$0,$0,$0,$0,"$8,675",1483167.015
Current Penalty,"$8,675",$0,$0,$0,$0,"$8,675",1483167.015
FTA Penalty,$0,$0,$0,$0,$0,$0,1483167.015
Initial Violations,1,,,,,1,1483151.015
Current Violations,1,,,,,1,1483151.015
Initial Penalty,"$8,675",$0,$0,$0,$0,"$8,675",1483151.015
Current Penalty,"$8,675",$0,$0,$0,$0,"$8,675",1483151.015
FTA Penalty,$0,$0,$0,$0,$0,$0,1483151.015
Initial Violations,1,,,,,1,1483019.015
Current Violations,1,,,,,1,1483019.015
Initial Penalty,"$13,494",$0,$0,$0,$0,"$13,494",1483019.015
Current Penalty,"$13,494",$0,$0,$0,$0,"$13,494",1483019.015
FTA Penalty,$0,$0,$0,$0,$0,$0,1483019.015
Initial Violations,1,,,,,1,1483129.015
Current Violations,,,,1,,1,1483129.015
Initial Penalty,"$6,300",$0,$0,$0,$0,"$6,300",1483129.015
Current Penalty,$0,$0,$0,"$2,000",$0,"$2,000",1483129.015
FTA Penalty,$0,$0,$0,$0,$0,$0,1483129.015
Initial Violations,,,,1,,1,1469714.015
Current Violations,,,,1,,1,1469714.015
Initial Penalty,$0,$0,$0,"$1,500",$0,"$1,500",1469714.015
Current Penalty,$0,$0,$0,$0,$0,$0,1469714.015
FTA Penalty,$0,$0,$0,$0,$0,$0,1469714.015
Initial Violations,1,,,,,1,1463894.015
Current Violations,,,,1,,1,1463894.015
Initial Penalty,"$11,740",$0,$0,$0,$0,"$11,740",1463894.015
Current Penalty,$0,$0,$0,"$7,500",$0,"$7,500",1463894.015
FTA Penalty,$0,$0,$0,$0,$0,$0,1463894.015
Initial Violations,,,4,2,,6,1463070.015
Current Violations,,,,6,,6,1463070.015
Initial Penalty,$0,$0,"$33,079",$0,$0,"$33,079",1463070.015
Current Penalty,$0,$0,$0,"$3,000",$0,"$3,000",1463070.015
FTA Penalty,$0,$0,$0,$0,$0,$0,1463070.015
Initial Violations,4,,,,,4,1455592.015
Current Violations,1,,,2,,3,1455592.015
Initial Penalty,"$38,556",$0,$0,$0,$0,"$38,556",1455592.015
Current Penalty,"$6,265",$0,$0,"$12,531",$0,"$18,796",1455592.015
FTA Penalty,$0,$0,$0,$0,$0,$0,1455592.015
Initial Violations,,,,1,,1,1452616.015
Current Violations,,,,1,,1,1452616.015
Initial Penalty,$0,$0,$0,$850,$0,$850,1452616.015
Current Penalty,$0,$0,$0,$210,$0,$210,1452616.015
FTA Penalty,$0,$0,$0,$0,$0,$0,1452616.015
Initial Violations,1,,,,,1,1439633.015
Current Violations,,,,1,,1,1439633.015
Initial Penalty,"$5,000",$0,$0,$0,$0,"$5,000",1439633.015
Current Penalty,$0,$0,$0,"$1,000",$0,"$1,000",1439633.015
FTA Penalty,$0,$0,$0,$0,$0,$0,1439633.015
Initial Violations,2,,,,,2,1434925.015
Current Violations,,,,1,,1,1434925.015
Initial Penalty,"$5,400",$0,$0,$0,$0,"$5,400",1434925.015
Current Penalty,$0,$0,$0,"$2,700",$0,"$2,700",1434925.015
FTA Penalty,$0,$0,$0,$0,$0,$0,1434925.015
Initial Violations,,,,1,,1,1434692.015
Current Violations,,,,1,,1,1434692.015
Initial Penalty,$0,$0,$0,$904,$0,$904,1434692.015
Current Penalty,$0,$0,$0,$542,$0,$542,1434692.015
FTA Penalty,$0,$0,$0,$0,$0,$0,1434692.015
Initial Violations,,,,1,,1,1432635.015
Current Violations,,,,1,,1,1432635.015
Initial Penalty,$0,$0,$0,"$5,000",$0,"$5,000",1432635.015
Current Penalty,$0,$0,$0,"$5,000",$0,"$5,000",1432635.015
FTA Penalty,$0,$0,$0,$0,$0,$0,1432635.015
Initial Violations,2,,1,,,3,1461476.015
Current Violations,1,,1,,,2,1461476.015
Initial Penalty,"$30,600",$0,"$20,000",$0,$0,"$50,600",1461476.015
Current Penalty,"$15,300",$0,"$10,000",$0,$0,"$25,300",1461476.015
FTA Penalty,$0,$0,$0,$0,$0,$0,1461476.015
Initial Violations,,,,1,,1,1433863.015
Current Violations,,,,1,,1,1433863.015
Initial Penalty,$0,$0,$0,"$1,275",$0,"$1,275",1433863.015
Current Penalty,$0,$0,$0,$315,$0,$315,1433863.015
FTA Penalty,$0,$0,$0,$0,$0,$0,1433863.015
Initial Violations,,,1,1,,2,1429571.015
Current Violations,,,1,,,1,1429571.015
Initial Penalty,$0,$0,"$10,000","$1,000",$0,"$11,000",1429571.015
Current Penalty,$0,$0,"$10,000",$0,$0,"$10,000",1429571.015
FTA Penalty,$0,$0,$0,$0,$0,$0,1429571.015
Initial Violations,1,,,7,,8,1425251.015
Current Violations,,,,8,,8,1425251.015
Initial Penalty,"$5,400",$0,$0,"$3,100",$0,"$8,500",1425251.015
Current Penalty,$0,$0,$0,"$7,450",$0,"$7,450",1425251.015
FTA Penalty,$0,$0,$0,$0,$0,$0,1425251.015
Initial Violations,,,,1,,1,1424705.015
Current Violations,,,,1,,1,1424705.015
Initial Penalty,$0,$0,$0,$0,$0,$0,1424705.015
Current Penalty,$0,$0,$0,$0,$0,$0,1424705.015
FTA Penalty,$0,$0,$0,$0,$0,$0,1424705.015
Initial Violations,,,,1,,1,1417541.015
Current Violations,,,,1,,1,1417541.015
Initial Penalty,$0,$0,$0,$0,$0,$0,1417541.015
Current Penalty,$0,$0,$0,$0,$0,$0,1417541.015
FTA Penalty,$0,$0,$0,$0,$0,$0,1417541.015
Initial Violations,1,,,,,1,1419264.015
Current Violations,1,,,,,1,1419264.015
Initial Penalty,"$11,366",$0,$0,$0,$0,"$11,366",1419264.015
Current Penalty,"$7,500",$0,$0,$0,$0,"$7,500",1419264.015
FTA Penalty,$0,$0,$0,$0,$0,$0,1419264.015
Initial Violations,1,,,,,1,1420674.015
Current Violations,1,,,,,1,1420674.015
Initial Penalty,"$1,800",$0,$0,$0,$0,"$1,800",1420674.015
Current Penalty,"$1,800",$0,$0,$0,$0,"$1,800",1420674.015
FTA Penalty,$0,$0,$0,$0,$0,$0,1420674.015
Initial Violations,1,,,,,1,1411676.015
Current Violations,,,,1,,1,1411676.015
Initial Penalty,"$7,084",$0,$0,$0,$0,"$7,084",1411676.015
Current Penalty,$0,$0,$0,"$4,251",$0,"$4,251",1411676.015
FTA Penalty,$0,$0,$0,$0,$0,$0,1411676.015
Initial Violations,,,,1,,1,1410498.015
Current Violations,,,,1,,1,1410498.015
Initial Penalty,$0,$0,$0,$0,$0,$0,1410498.015
Current Penalty,$0,$0,$0,$0,$0,$0,1410498.015
FTA Penalty,$0,$0,$0,$0,$0,$0,1410498.015
Initial Violations,1,,,,,1,1407648.015
Current Violations,,,,1,,1,1407648.015
Initial Penalty,"$3,750",$0,$0,$0,$0,"$3,750",1407648.015
Current Penalty,$0,$0,$0,"$2,625",$0,"$2,625",1407648.015
FTA Penalty,$0,$0,$0,$0,$0,$0,1407648.015
Initial Violations,,,,1,,1,1406719.015
Current Violations,,,,1,,1,1406719.015
Initial Penalty,$0,$0,$0,"$4,500",$0,"$4,500",1406719.015
Current Penalty,$0,$0,$0,"$2,000",$0,"$2,000",1406719.015
FTA Penalty,$0,$0,$0,$0,$0,$0,1406719.015
Initial Violations,1,,,,,1,1404817.015
Current Violations,,,,1,,1,1404817.015
Initial Penalty,"$18,000",$0,$0,$0,$0,"$18,000",1404817.015
Current Penalty,$0,$0,$0,"$7,200",$0,"$7,200",1404817.015
FTA Penalty,$0,$0,$0,$0,$0,$0,1404817.015
Initial Violations,2,,,2,,4,1403432.015
Current Violations,1,,,3,,4,1403432.015
Initial Penalty,"$11,000",$0,$0,"$1,200",$0,"$12,200",1403432.015
Current Penalty,"$7,000",$0,$0,"$5,200",$0,"$12,200",1403432.015
FTA Penalty,$0,$0,$0,$0,$0,$0,1403432.015
Initial Violations,1,,,,,1,1402158.015
Current Violations,1,,,,,1,1402158.015
Initial Penalty,"$11,366",$0,$0,$0,$0,"$11,366",1402158.015
Current Penalty,"$11,366",$0,$0,$0,$0,"$11,366",1402158.015
FTA Penalty,$0,$0,$0,$0,$0,$0,1402158.015
Initial Violations,,,,2,,2,1398297.015
Current Violations,,,,2,,2,1398297.015
Initial Penalty,$0,$0,$0,$480,$0,$480,1398297.015
Current Penalty,$0,$0,$0,$480,$0,$480,1398297.015
FTA Penalty,$0,$0,$0,$0,$0,$0,1398297.015
Initial Violations,1,,,,,1,1398365.015
Current Violations,1,,,,,1,1398365.015
Initial Penalty,"$15,300",$0,$0,$0,$0,"$15,300",1398365.015
Current Penalty,"$15,300",$0,$0,$0,$0,"$15,300",1398365.015
FTA Penalty,$0,$0,$0,$0,$0,$0,1398365.015
Initial Violations,,,1,1,,2,1391189.015
Current Violations,,,,2,,2,1391189.015
Initial Penalty,$0,$0,"$20,838","$10,419",$0,"$31,257",1391189.015
Current Penalty,$0,$0,$0,"$20,838",$0,"$20,838",1391189.015
FTA Penalty,$0,$0,$0,$0,$0,$0,1391189.015
Initial Violations,1,,,,,1,1386756.015
Current Violations,1,,,,,1,1386756.015
Initial Penalty,"$1,950",$0,$0,$0,$0,"$1,950",1386756.015
Current Penalty,"$1,950",$0,$0,$0,$0,"$1,950",1386756.015
FTA Penalty,$0,$0,$0,$0,$0,$0,1386756.015
Initial Violations,,,,2,,2,1381487.015
Current Violations,,,,2,,2,1381487.015
Initial Penalty,$0,$0,$0,$655,$0,$655,1381487.015
Current Penalty,$0,$0,$0,$655,$0,$655,1381487.015
FTA Penalty,$0,$0,$0,$0,$0,$0,1381487.015
Initial Violations,,,1,,,1,1376629.015
Current Violations,,,1,,,1,1376629.015
Initial Penalty,$0,$0,"$2,000",$0,$0,"$2,000",1376629.015
Current Penalty,$0,$0,"$2,000",$0,$0,"$2,000",1376629.015
FTA Penalty,$0,$0,$0,$0,$0,$0,1376629.015
Initial Violations,2,,,,,2,1374860.015
Current Violations,1,,,,,1,1374860.015
Initial Penalty,"$26,520",$0,$0,$0,$0,"$26,520",1374860.015
Current Penalty,"$13,260",$0,$0,$0,$0,"$13,260",1374860.015
FTA Penalty,$0,$0,$0,$0,$0,$0,1374860.015
Initial Violations,1,,,,,1,1372809.015
Current Violations,,,,1,,1,1372809.015
Initial Penalty,"$4,830",$0,$0,$0,$0,"$4,830",1372809.015
Current Penalty,$0,$0,$0,"$2,400",$0,"$2,400",1372809.015
FTA Penalty,$0,$0,$0,$0,$0,$0,1372809.015
Initial Violations,,,,1,,1,1372121.015
Current Violations,,,,1,,1,1372121.015
Initial Penalty,$0,$0,$0,$0,$0,$0,1372121.015
Current Penalty,$0,$0,$0,$0,$0,$0,1372121.015
FTA Penalty,$0,$0,$0,$0,$0,$0,1372121.015
Initial Violations,,,,3,,3,1372348.015
Current Violations,,,,3,,3,1372348.015
Initial Penalty,$0,$0,$0,$994,$0,$994,1372348.015
Current Penalty,$0,$0,$0,$596,$0,$596,1372348.015
FTA Penalty,$0,$0,$0,$0,$0,$0,1372348.015
Initial Violations,,,,1,,1,1372611.015
Current Violations,,,,1,,1,1372611.015
Initial Penalty,$0,$0,$0,$0,$0,$0,1372611.015
Current Penalty,$0,$0,$0,$0,$0,$0,1372611.015
FTA Penalty,$0,$0,$0,$0,$0,$0,1372611.015
Initial Violations,,,,1,,1,1369334.015
Current Violations,,,,1,,1,1369334.015
Initial Penalty,$0,$0,$0,$0,$0,$0,1369334.015
Current Penalty,$0,$0,$0,$0,$0,$0,1369334.015
FTA Penalty,$0,$0,$0,$0,$0,$0,1369334.015
Initial Violations,,,,1,,1,1359409.015
Current Violations,,,,1,,1,1359409.015
Initial Penalty,$0,$0,$0,$0,$0,$0,1359409.015
Current Penalty,$0,$0,$0,$0,$0,$0,1359409.015
FTA Penalty,$0,$0,$0,$0,$0,$0,1359409.015
Initial Violations,1,,,,,1,1353446.015
Current Violations,1,,,,,1,1353446.015
Initial Penalty,"$4,000",$0,$0,$0,$0,"$4,000",1353446.015
Current Penalty,"$4,000",$0,$0,$0,$0,"$4,000",1353446.015
FTA Penalty,$0,$0,$0,$0,$0,$0,1353446.015
Initial Violations,,,,2,,2,1352658.015
Current Violations,,,,2,,2,1352658.015
Initial Penalty,$0,$0,$0,$500,$0,$500,1352658.015
Current Penalty,$0,$0,$0,$0,$0,$0,1352658.015
FTA Penalty,$0,$0,$0,$0,$0,$0,1352658.015
Initial Violations,,,,3,,3,1351346.015
Current Violations,,,,3,,3,1351346.015
Initial Penalty,$0,$0,$0,$0,$0,$0,1351346.015
Current Penalty,$0,$0,$0,$0,$0,$0,1351346.015
FTA Penalty,$0,$0,$0,$0,$0,$0,1351346.015
Initial Violations,2,,,,,2,1343952.015
Current Violations,2,,,,,2,1343952.015
Initial Penalty,"$16,628",$0,$0,$0,$0,"$16,628",1343952.015
Current Penalty,"$16,628",$0,$0,$0,$0,"$16,628",1343952.015
FTA Penalty,$0,$0,$0,$0,$0,$0,1343952.015
Initial Violations,,,,2,,2,1343963.015
Current Violations,,,,1,,1,1343963.015
Initial Penalty,$0,$0,$0,"$1,590",$0,"$1,590",1343963.015
Current Penalty,$0,$0,$0,$175,$0,$175,1343963.015
FTA Penalty,$0,$0,$0,$0,$0,$0,1343963.015
Initial Violations,,,,1,,1,1342236.015
Current Violations,,,,1,,1,1342236.015
Initial Penalty,$0,$0,$0,"$6,675",$0,"$6,675",1342236.015
Current Penalty,$0,$0,$0,"$4,005",$0,"$4,005",1342236.015
FTA Penalty,$0,$0,$0,$0,$0,$0,1342236.015
Initial Violations,,,,1,,1,1341764.015
Current Violations,,,,1,,1,1341764.015
Initial Penalty,$0,$0,$0,$400,$0,$400,1341764.015
Current Penalty,$0,$0,$0,$800,$0,$800,1341764.015
FTA Penalty,$0,$0,$0,$0,$0,$0,1341764.015
Initial Violations,2,,,,,2,1339904.015
Current Violations,,,,2,,2,1339904.015
Initial Penalty,"$24,020",$0,$0,$0,$0,"$24,020",1339904.015
Current Penalty,$0,$0,$0,"$18,014",$0,"$18,014",1339904.015
FTA Penalty,$0,$0,$0,$0,$0,$0,1339904.015
Initial Violations,,,,1,,1,1336638.015
Current Violations,,,,1,,1,1336638.015
Initial Penalty,$0,$0,$0,"$9,239",$0,"$9,239",1336638.015
Current Penalty,$0,$0,$0,"$9,239",$0,"$9,239",1336638.015
FTA Penalty,$0,$0,$0,$0,$0,$0,1336638.015
Initial Violations,,,,1,,1,1333504.015
Current Violations,,,,1,,1,1333504.015
Initial Penalty,$0,$0,$0,$375,$0,$375,1333504.015
Current Penalty,$0,$0,$0,$375,$0,$375,1333504.015
FTA Penalty,$0,$0,$0,$0,$0,$0,1333504.015
Initial Violations,1,,,3,,4,1334475.015
Current Violations,,,,4,,4,1334475.015
Initial Penalty,"$14,400",$0,$0,"$1,600",$0,"$16,000",1334475.015
Current Penalty,$0,$0,$0,"$4,600",$0,"$4,600",1334475.015
FTA Penalty,$0,$0,$0,$0,$0,$0,1334475.015
Initial Violations,,,,1,,1,1330789.015
Current Violations,,,,1,,1,1330789.015
Initial Penalty,$0,$0,$0,$0,$0,$0,1330789.015
Current Penalty,$0,$0,$0,$0,$0,$0,1330789.015
FTA Penalty,$0,$0,$0,$0,$0,$0,1330789.015
Initial Violations,1,,,,,1,1329820.015
Current Violations,1,,,,,1,1329820.015
Initial Penalty,"$3,430",$0,$0,$0,$0,"$3,430",1329820.015
Current Penalty,"$2,401",$0,$0,$0,$0,"$2,401",1329820.015
FTA Penalty,$0,$0,$0,$0,$0,$0,1329820.015
Initial Violations,1,,,,,1,1328370.015
Current Violations,1,,,,,1,1328370.015
Initial Penalty,"$3,500",$0,$0,$0,$0,"$3,500",1328370.015
Current Penalty,"$1,750",$0,$0,$0,$0,"$1,750",1328370.015
FTA Penalty,$0,$0,$0,$0,$0,$0,1328370.015
Initial Violations,,,,1,,1,1323026.015
Current Violations,,,,1,,1,1323026.015
Initial Penalty,$0,$0,$0,"$9,239",$0,"$9,239",1323026.015
Current Penalty,$0,$0,$0,"$9,239",$0,"$9,239",1323026.015
FTA Penalty,$0,$0,$0,$0,$0,$0,1323026.015
Initial Violations,1,,,1,,2,1323056.015
Current Violations,,,,2,,2,1323056.015
Initial Penalty,"$12,934",$0,$0,"$1,848",$0,"$14,782",1323056.015
Current Penalty,$0,$0,$0,"$9,000",$0,"$9,000",1323056.015
FTA Penalty,$0,$0,$0,$0,$0,$0,1323056.015
Initial Violations,,,1,,,1,1322541.015
Current Violations,1,,,,,1,1322541.015
Initial Penalty,$0,$0,"$1,845",$0,$0,"$1,845",1322541.015
Current Penalty,"$1,384",$0,$0,$0,$0,"$1,384",1322541.015
FTA Penalty,$0,$0,$0,$0,$0,$0,1322541.015
Initial Violations,,,,1,,1,1316445.015
Current Violations,,,,1,,1,1316445.015
Initial Penalty,$0,$0,$0,$0,$0,$0,1316445.015
Current Penalty,$0,$0,$0,$0,$0,$0,1316445.015
FTA Penalty,$0,$0,$0,$0,$0,$0,1316445.015
Initial Violations,1,,,,,1,1317663.015
Current Violations,1,,,,,1,1317663.015
Initial Penalty,"$10,163",$0,$0,$0,$0,"$10,163",1317663.015
Current Penalty,"$7,000",$0,$0,$0,$0,"$7,000",1317663.015
FTA Penalty,$0,$0,$0,$0,$0,$0,1317663.015
Initial Violations,1,,,2,,3,1315930.015
Current Violations,1,,,2,,3,1315930.015
Initial Penalty,"$18,000",$0,$0,"$6,200",$0,"$24,200",1315930.015
Current Penalty,"$9,000",$0,$0,"$5,935",$0,"$14,935",1315930.015
FTA Penalty,$0,$0,$0,$0,$0,$0,1315930.015
Initial Violations,,,1,2,,3,1313974.015
Current Violations,,,1,2,,3,1313974.015
Initial Penalty,$0,$0,"$10,000","$1,500",$0,"$11,500",1313974.015
Current Penalty,$0,$0,"$10,000","$1,500",$0,"$11,500",1313974.015
FTA Penalty,$0,$0,$0,$0,$0,$0,1313974.015
Initial Violations,1,,,,,1,1310947.015
Current Violations,,,,1,,1,1310947.015
Initial Penalty,$900,$0,$0,$0,$0,$900,1310947.015
Current Penalty,$0,$0,$0,$900,$0,$900,1310947.015
FTA Penalty,$0,$0,$0,$0,$0,$0,1310947.015
Initial Violations,,,,1,,1,1308146.015
Current Violations,,,,1,,1,1308146.015
Initial Penalty,$0,$0,$0,$0,$0,$0,1308146.015
Current Penalty,$0,$0,$0,$0,$0,$0,1308146.015
FTA Penalty,$0,$0,$0,$0,$0,$0,1308146.015
Initial Violations,3,,,1,,4,1300956.015
Current Violations,1,,,1,,2,1300956.015
Initial Penalty,"$31,227",$0,$0,$0,$0,"$31,227",1300956.015
Current Penalty,"$6,467",$0,$0,"$5,082",$0,"$11,549",1300956.015
FTA Penalty,$0,$0,$0,$0,$0,$0,1300956.015
Initial Violations,,,,2,,2,1292351.015
Current Violations,,,,2,,2,1292351.015
Initial Penalty,$0,$0,$0,$0,$0,$0,1292351.015
Current Penalty,$0,$0,$0,$0,$0,$0,1292351.015
FTA Penalty,$0,$0,$0,$0,$0,$0,1292351.015
Initial Violations,1,,,,,1,1283778.015
Current Violations,1,,,,,1,1283778.015
Initial Penalty,"$3,200",$0,$0,$0,$0,"$3,200",1283778.015
Current Penalty,"$1,920",$0,$0,$0,$0,"$1,920",1283778.015
FTA Penalty,$0,$0,$0,$0,$0,$0,1283778.015
Initial Violations,1,,,,,1,1283589.015
Current Violations,,,,1,,1,1283589.015
Initial Penalty,"$5,874",$0,$0,$0,$0,"$5,874",1283589.015
Current Penalty,$0,$0,$0,"$5,874",$0,"$5,874",1283589.015
FTA Penalty,$0,$0,$0,$0,$0,$0,1283589.015
Initial Violations,1,,,1,,2,1281158.015
Current Violations,1,,,1,,2,1281158.015
Initial Penalty,"$15,300",$0,$0,$425,$0,"$15,725",1281158.015
Current Penalty,"$15,300",$0,$0,$425,$0,"$15,725",1281158.015
FTA Penalty,$0,$0,$0,$0,$0,$0,1281158.015
Initial Violations,,,,1,,1,1276965.015
Current Violations,,,,1,,1,1276965.015
Initial Penalty,$0,$0,$0,$0,$0,$0,1276965.015
Current Penalty,$0,$0,$0,$0,$0,$0,1276965.015
FTA Penalty,$0,$0,$0,$0,$0,$0,1276965.015
Initial Violations,1,,,,,1,1273213.015
Current Violations,1,,,,,1,1273213.015
Initial Penalty,"$7,391",$0,$0,$0,$0,"$7,391",1273213.015
Current Penalty,"$3,500",$0,$0,$0,$0,"$3,500",1273213.015
FTA Penalty,$0,$0,$0,$0,$0,$0,1273213.015
Initial Violations,1,,,,,1,1259424.015
Current Violations,,,,1,,1,1259424.015
Initial Penalty,"$5,975",$0,$0,$0,$0,"$5,975",1259424.015
Current Penalty,$0,$0,$0,"$3,000",$0,"$3,000",1259424.015
FTA Penalty,$0,$0,$0,$0,$0,$0,1259424.015
Initial Violations,,,,1,,1,1253084.015
Current Violations,,,,1,,1,1253084.015
Initial Penalty,$0,$0,$0,$0,$0,$0,1253084.015
Current Penalty,$0,$0,$0,$0,$0,$0,1253084.015
FTA Penalty,$0,$0,$0,$0,$0,$0,1253084.015
Initial Violations,1,,,,,1,1251641.015
Current Violations,1,,,,,1,1251641.015
Initial Penalty,"$6,542",$0,$0,$0,$0,"$6,542",1251641.015
Current Penalty,"$6,542",$0,$0,$0,$0,"$6,542",1251641.015
FTA Penalty,$0,$0,$0,$0,$0,$0,1251641.015
Initial Violations,1,,,,,1,1241743.015
Current Violations,1,,,,,1,1241743.015
Initial Penalty,"$9,054",$0,$0,$0,$0,"$9,054",1241743.015
Current Penalty,"$9,054",$0,$0,$0,$0,"$9,054",1241743.015
FTA Penalty,$0,$0,$0,$0,$0,$0,1241743.015
Initial Violations,,,,1,,1,1236205.015
Current Violations,,,,1,,1,1236205.015
Initial Penalty,$0,$0,$0,$400,$0,$400,1236205.015
Current Penalty,$0,$0,$0,$400,$0,$400,1236205.015
FTA Penalty,$0,$0,$0,$0,$0,$0,1236205.015
Initial Violations,2,,,,,2,1233977.015
Current Violations,,,,1,,1,1233977.015
Initial Penalty,"$14,486",$0,$0,$0,$0,"$14,486",1233977.015
Current Penalty,$0,$0,$0,"$5,795",$0,"$5,795",1233977.015
FTA Penalty,$0,$0,$0,$0,$0,$0,1233977.015
Initial Violations,1,,,,,1,1228790.015
Current Violations,,,,1,,1,1228790.015
Initial Penalty,"$5,079",$0,$0,$0,$0,"$5,079",1228790.015
Current Penalty,$0,$0,$0,"$3,809",$0,"$3,809",1228790.015
FTA Penalty,$0,$0,$0,$0,$0,$0,1228790.015
Initial Violations,1,,,,,1,1224611.015
Current Violations,1,,,,,1,1224611.015
Initial Penalty,"$2,400",$0,$0,$0,$0,"$2,400",1224611.015
Current Penalty,"$2,400",$0,$0,$0,$0,"$2,400",1224611.015
FTA Penalty,$0,$0,$0,$0,$0,$0,1224611.015
Initial Violations,,,,3,,3,1218260.015
Current Violations,,,,2,,2,1218260.015
Initial Penalty,$0,$0,$0,"$2,335",$0,"$2,335",1218260.015
Current Penalty,$0,$0,$0,$935,$0,$935,1218260.015
FTA Penalty,$0,$0,$0,$0,$0,$0,1218260.015
Initial Violations,1,,1,,,2,1212981.015
Current Violations,2,,,,,2,1212981.015
Initial Penalty,"$9,054",$0,"$45,270",$0,$0,"$54,324",1212981.015
Current Penalty,"$21,729",$0,$0,$0,$0,"$21,729",1212981.015
FTA Penalty,$0,$0,$0,$0,$0,$0,1212981.015
Initial Violations,2,,,,,2,1209170.015
Current Violations,,,,2,,2,1209170.015
Initial Penalty,"$25,350",$0,$0,$0,$0,"$25,350",1209170.015
Current Penalty,$0,$0,$0,"$12,675",$0,"$12,675",1209170.015
FTA Penalty,$0,$0,$0,$0,$0,$0,1209170.015
Initial Violations,1,,,,,1,1200030.015
Current Violations,1,,,,,1,1200030.015
Initial Penalty,$270,$0,$0,$0,$0,$270,1200030.015
Current Penalty,$270,$0,$0,$0,$0,$270,1200030.015
FTA Penalty,$0,$0,$0,$0,$0,$0,1200030.015
Initial Violations,1,,,,,1,1189098.015
Current Violations,,,,1,,1,1189098.015
Initial Penalty,"$9,234",$0,$0,$0,$0,"$9,234",1189098.015
Current Penalty,$0,$0,$0,"$6,464",$0,"$6,464",1189098.015
FTA Penalty,$0,$0,$0,$0,$0,$0,1189098.015
Initial Violations,1,,,,,1,1177827.015
Current Violations,1,,,,,1,1177827.015
Initial Penalty,"$4,500",$0,$0,$0,$0,"$4,500",1177827.015
Current Penalty,"$2,250",$0,$0,$0,$0,"$2,250",1177827.015
FTA Penalty,$0,$0,$0,$0,$0,$0,1177827.015
Initial Violations,1,,,,,1,1174044.015
Current Violations,,,,1,,1,1174044.015
Initial Penalty,"$5,000",$0,$0,$0,$0,"$5,000",1174044.015
Current Penalty,$0,$0,$0,$0,$0,$0,1174044.015
FTA Penalty,$0,$0,$0,$0,$0,$0,1174044.015
Initial Violations,,,,1,,1,1171927.015
Current Violations,,,,1,,1,1171927.015
Initial Penalty,$0,$0,$0,$0,$0,$0,1171927.015
Current Penalty,$0,$0,$0,$0,$0,$0,1171927.015
FTA Penalty,$0,$0,$0,$0,$0,$0,1171927.015
Initial Violations,,,,1,,1,1171761.015
Current Violations,,,,1,,1,1171761.015
Initial Penalty,$0,$0,$0,$0,$0,$0,1171761.015
Current Penalty,$0,$0,$0,$0,$0,$0,1171761.015
FTA Penalty,$0,$0,$0,$0,$0,$0,1171761.015
Initial Violations,,,,1,,1,1170363.015
Current Violations,,,,1,,1,1170363.015
Initial Penalty,$0,$0,$0,"$5,000",$0,"$5,000",1170363.015
Current Penalty,$0,$0,$0,"$5,000",$0,"$5,000",1170363.015
FTA Penalty,$0,$0,$0,$0,$0,$0,1170363.015
Initial Violations,1,,,1,,2,1165955.015
Current Violations,,,,2,,2,1165955.015
Initial Penalty,"$18,000",$0,$0,$560,$0,"$18,560",1165955.015
Current Penalty,$0,$0,$0,"$11,500",$0,"$11,500",1165955.015
FTA Penalty,$0,$0,$0,$0,$0,$0,1165955.015
Initial Violations,1,,,,,1,1165793.015
Current Violations,1,,,,,1,1165793.015
Initial Penalty,"$10,689",$0,$0,$0,$0,"$10,689",1165793.015
Current Penalty,"$10,689",$0,$0,$0,$0,"$10,689",1165793.015
FTA Penalty,$0,$0,$0,$0,$0,$0,1165793.015
Initial Violations,,,,1,,1,1163920.015
Current Violations,,,,1,,1,1163920.015
Initial Penalty,$0,$0,$0,$280,$0,$280,1163920.015
Current Penalty,$0,$0,$0,$280,$0,$280,1163920.015
FTA Penalty,$0,$0,$0,$0,$0,$0,1163920.015
Initial Violations,3,,,2,,5,1147026.015
Current Violations,1,,,3,,4,1147026.015
Initial Penalty,"$11,025",$0,$0,$0,$0,"$11,025",1147026.015
Current Penalty,"$1,980",$0,$0,$780,$0,"$2,760",1147026.015
FTA Penalty,$0,$0,$0,$0,$0,$0,1147026.015
Initial Violations,1,,,,,1,1139583.015
Current Violations,,,,1,,1,1139583.015
Initial Penalty,"$7,000",$0,$0,$0,$0,"$7,000",1139583.015
Current Penalty,$0,$0,$0,"$7,000",$0,"$7,000",1139583.015
FTA Penalty,$0,$0,$0,$0,$0,$0,1139583.015
Initial Violations,2,,,3,,5,1135681.015
Current Violations,1,,,3,,4,1135681.015
Initial Penalty,"$5,950",$0,$0,$0,$0,"$5,950",1135681.015
Current Penalty,"$2,720",$0,$0,$0,$0,"$2,720",1135681.015
FTA Penalty,$0,$0,$0,$0,$0,$0,1135681.015
Initial Violations,,,,2,,2,1132237.015
Current Violations,,,,2,,2,1132237.015
Initial Penalty,$0,$0,$0,"$2,000",$0,"$2,000",1132237.015
Current Penalty,$0,$0,$0,"$1,500",$0,"$1,500",1132237.015
FTA Penalty,$0,$0,$0,$0,$0,$0,1132237.015
Initial Violations,,,,1,,1,1131495.015
Current Violations,,,,1,,1,1131495.015
Initial Penalty,$0,$0,$0,$560,$0,$560,1131495.015
Current Penalty,$0,$0,$0,$560,$0,$560,1131495.015
FTA Penalty,$0,$0,$0,$0,$0,$0,1131495.015
Initial Violations,1,,,,,1,1126228.015
Current Violations,,,,1,,1,1126228.015
Initial Penalty,"$3,300",$0,$0,$0,$0,"$3,300",1126228.015
Current Penalty,$0,$0,$0,"$2,300",$0,"$2,300",1126228.015
FTA Penalty,$0,$0,$0,$0,$0,$0,1126228.015
Initial Violations,,,,1,,1,1117055.015
Current Violations,,,,1,,1,1117055.015
Initial Penalty,$0,$0,$0,$600,$0,$600,1117055.015
Current Penalty,$0,$0,$0,$600,$0,$600,1117055.015
FTA Penalty,$0,$0,$0,$0,$0,$0,1117055.015
Initial Violations,1,,,,,1,1115308.015
Current Violations,1,,,,,1,1115308.015
Initial Penalty,"$7,000",$0,$0,$0,$0,"$7,000",1115308.015
Current Penalty,"$7,000",$0,$0,$0,$0,"$7,000",1115308.015
FTA Penalty,$0,$0,$0,$0,$0,$0,1115308.015
Initial Violations,1,,,,,1,1115436.015
Current Violations,1,,,,,1,1115436.015
Initial Penalty,"$4,250",$0,$0,$0,$0,"$4,250",1115436.015
Current Penalty,"$2,125",$0,$0,$0,$0,"$2,125",1115436.015
FTA Penalty,$0,$0,$0,$0,$0,$0,1115436.015
Initial Violations,1,,,,,1,1113704.015
Current Violations,1,,,,,1,1113704.015
Initial Penalty,"$4,400",$0,$0,$0,$0,"$4,400",1113704.015
Current Penalty,"$2,860",$0,$0,$0,$0,"$2,860",1113704.015
FTA Penalty,$0,$0,$0,$0,$0,$0,1113704.015
Initial Violations,,,,1,,1,1113134.015
Current Violations,,,,1,,1,1113134.015
Initial Penalty,$0,$0,$0,$0,$0,$0,1113134.015
Current Penalty,$0,$0,$0,$0,$0,$0,1113134.015
FTA Penalty,$0,$0,$0,$0,$0,$0,1113134.015
Initial Violations,1,,,,,1,1110254.015
Current Violations,1,,,,,1,1110254.015
Initial Penalty,"$3,400",$0,$0,$0,$0,"$3,400",1110254.015
Current Penalty,"$2,890",$0,$0,$0,$0,"$2,890",1110254.015
FTA Penalty,$0,$0,$0,$0,$0,$0,1110254.015
Initial Violations,,,,1,,1,1100683.015
Current Violations,,,,1,,1,1100683.015
Initial Penalty,$0,$0,$0,"$1,000",$0,"$1,000",1100683.015
Current Penalty,$0,$0,$0,$600,$0,$600,1100683.015
FTA Penalty,$0,$0,$0,$0,$0,$0,1100683.015
Initial Violations,,,,1,,1,1097402.015
Current Violations,,,,1,,1,1097402.015
Initial Penalty,$0,$0,$0,$0,$0,$0,1097402.015
Current Penalty,$0,$0,$0,$0,$0,$0,1097402.015
FTA Penalty,$0,$0,$0,$0,$0,$0,1097402.015
Initial Violations,1,,,1,,2,1094176.015
Current Violations,1,,,1,,2,1094176.015
Initial Penalty,"$7,000",$0,$0,"$1,000",$0,"$8,000",1094176.015
Current Penalty,"$7,000",$0,$0,"$1,000",$0,"$8,000",1094176.015
FTA Penalty,$0,$0,$0,$0,$0,$0,1094176.015
Initial Violations,,,,4,,4,1086622.015
Current Violations,,,,4,,4,1086622.015
Initial Penalty,$0,$0,$0,"$4,800",$0,"$4,800",1086622.015
Current Penalty,$0,$0,$0,"$2,115",$0,"$2,115",1086622.015
FTA Penalty,$0,$0,$0,$0,$0,$0,1086622.015
Initial Violations,,,,1,,1,1086264.015
Current Violations,,,,1,,1,1086264.015
Initial Penalty,$0,$0,$0,$0,$0,$0,1086264.015
Current Penalty,$0,$0,$0,$0,$0,$0,1086264.015
FTA Penalty,$0,$0,$0,$0,$0,$0,1086264.015
Initial Violations,,,,1,,1,1083571.015
Current Violations,,,,1,,1,1083571.015
Initial Penalty,$0,$0,$0,$280,$0,$280,1083571.015
Current Penalty,$0,$0,$0,$280,$0,$280,1083571.015
FTA Penalty,$0,$0,$0,$0,$0,$0,1083571.015
Initial Violations,1,,,,,1,1079395.015
Current Violations,1,,,,,1,1079395.015
Initial Penalty,"$1,125",$0,$0,$0,$0,"$1,125",1079395.015
Current Penalty,"$1,125",$0,$0,$0,$0,"$1,125",1079395.015
FTA Penalty,$0,$0,$0,$0,$0,$0,1079395.015
Initial Violations,,,1,,,1,1077695.015
Current Violations,,,,1,,1,1077695.015
Initial Penalty,$0,$0,"$2,000",$0,$0,"$2,000",1077695.015
Current Penalty,$0,$0,$0,"$2,000",$0,"$2,000",1077695.015
FTA Penalty,$0,$0,$0,$0,$0,$0,1077695.015
Initial Violations,,,,1,,1,1076433.015
Current Violations,,,,1,,1,1076433.015
Initial Penalty,$0,$0,$0,$0,$0,$0,1076433.015
Current Penalty,$0,$0,$0,$0,$0,$0,1076433.015
FTA Penalty,$0,$0,$0,$0,$0,$0,1076433.015
Initial Violations,,,,2,,2,1073362.015
Current Violations,,,,1,,1,1073362.015
Initial Penalty,$0,$0,$0,$750,$0,$750,1073362.015
Current Penalty,$0,$0,$0,$375,$0,$375,1073362.015
FTA Penalty,$0,$0,$0,$0,$0,$0,1073362.015
Initial Violations,1,,,1,,2,1059076.015
Current Violations,,,,2,,2,1059076.015
Initial Penalty,"$7,000",$0,$0,"$1,000",$0,"$8,000",1059076.015
Current Penalty,$0,$0,$0,"$7,000",$0,"$7,000",1059076.015
FTA Penalty,$0,$0,$0,$0,$0,$0,1059076.015
Initial Violations,1,,,,,1,1057453.015
Current Violations,1,,,,,1,1057453.015
Initial Penalty,"$1,250",$0,$0,$0,$0,"$1,250",1057453.015
Current Penalty,"$1,250",$0,$0,$0,$0,"$1,250",1057453.015
FTA Penalty,$0,$0,$0,$0,$0,$0,1057453.015
Initial Violations,,,,1,,1,1049804.015
Current Violations,,,,1,,1,1049804.015
Initial Penalty,$0,$0,$0,$0,$0,$0,1049804.015
Current Penalty,$0,$0,$0,$0,$0,$0,1049804.015
FTA Penalty,$0,$0,$0,$0,$0,$0,1049804.015
Initial Violations,1,,,,,1,1047346.015
Current Violations,,,,1,,1,1047346.015
Initial Penalty,"$5,000",$0,$0,$0,$0,"$5,000",1047346.015
Current Penalty,$0,$0,$0,"$3,750",$0,"$3,750",1047346.015
FTA Penalty,$0,$0,$0,$0,$0,$0,1047346.015
Initial Violations,1,,,,,1,1045375.015
Current Violations,,,,1,,1,1045375.015
Initial Penalty,"$7,000",$0,$0,$0,$0,"$7,000",1045375.015
Current Penalty,$0,$0,$0,"$3,500",$0,"$3,500",1045375.015
FTA Penalty,$0,$0,$0,$0,$0,$0,1045375.015
Initial Violations,5,,,2,,7,1040560.015
Current Violations,4,,,3,,7,1040560.015
Initial Penalty,"$15,300",$0,$0,$900,$0,"$16,200",1040560.015
Current Penalty,"$8,370",$0,$0,$0,$0,"$8,370",1040560.015
FTA Penalty,$0,$0,$0,$0,$0,$0,1040560.015
Initial Violations,1,,,3,,4,1031929.015
Current Violations,1,,,3,,4,1031929.015
Initial Penalty,"$18,000",$0,$0,$930,$0,"$18,930",1031929.015
Current Penalty,"$18,000",$0,$0,$930,$0,"$18,930",1031929.015
FTA Penalty,$0,$0,$0,$0,$0,$0,1031929.015
Initial Violations,1,,,,,1,1026307.015
Current Violations,1,,,,,1,1026307.015
Initial Penalty,"$4,250",$0,$0,$0,$0,"$4,250",1026307.015
Current Penalty,"$2,250",$0,$0,$0,$0,"$2,250",1026307.015
FTA Penalty,$0,$0,$0,$0,$0,$0,1026307.015
Initial Violations,1,,,1,,2,1022228.015
Current Violations,,,,1,,1,1022228.015
Initial Penalty,"$5,063",$0,$0,$560,$0,"$5,623",1022228.015
Current Penalty,$0,$0,$0,"$2,000",$0,"$2,000",1022228.015
FTA Penalty,$0,$0,$0,$0,$0,$0,1022228.015
Initial Violations,,,,1,,1,317943330.0
Current Violations,,,,1,,1,317943330.0
Initial Penalty,$0,$0,$0,"$1,350",$0,"$1,350",317943330.0
Current Penalty,$0,$0,$0,"$1,350",$0,"$1,350",317943330.0
FTA Penalty,$0,$0,$0,$0,$0,$0,317943330.0
Initial Violations,2,,,,,2,1013429.015
Current Violations,,,,2,,2,1013429.015
Initial Penalty,"$2,400",$0,$0,$0,$0,"$2,400",1013429.015
Current Penalty,$0,$0,$0,$0,$0,$0,1013429.015
FTA Penalty,$0,$0,$0,$0,$0,$0,1013429.015
Initial Violations,,,,1,,1,1011224.015
Current Violations,,,,1,,1,1011224.015
Initial Penalty,$0,$0,$0,$0,$0,$0,1011224.015
Current Penalty,$0,$0,$0,$0,$0,$0,1011224.015
FTA Penalty,$0,$0,$0,$0,$0,$0,1011224.015
Initial Violations,1,,,,,1,1012577.015
Current Violations,,,,1,,1,1012577.015
Initial Penalty,"$7,000",$0,$0,$0,$0,"$7,000",1012577.015
Current Penalty,$0,$0,$0,"$7,000",$0,"$7,000",1012577.015
FTA Penalty,$0,$0,$0,$0,$0,$0,1012577.015
Initial Violations,1,,,,,1,1012605.015
Current Violations,,,,1,,1,1012605.015
Initial Penalty,"$4,000",$0,$0,$0,$0,"$4,000",1012605.015
Current Penalty,$0,$0,$0,"$3,200",$0,"$3,200",1012605.015
FTA Penalty,$0,$0,$0,$0,$0,$0,1012605.015
Initial Violations,1,,,,,1,1011042.015
Current Violations,1,,,,,1,1011042.015
Initial Penalty,"$7,000",$0,$0,$0,$0,"$7,000",1011042.015
Current Penalty,"$5,600",$0,$0,$0,$0,"$5,600",1011042.015
FTA Penalty,$0,$0,$0,$0,$0,$0,1011042.015
Initial Violations,,,,1,,1,1005410.015
Current Violations,,,,1,,1,1005410.015
Initial Penalty,$0,$0,$0,$0,$0,$0,1005410.015
Current Penalty,$0,$0,$0,$0,$0,$0,1005410.015
FTA Penalty,$0,$0,$0,$0,$0,$0,1005410.015
Initial Violations,1,,,1,,2,1001394.015
Current Violations,1,,,1,,2,1001394.015
Initial Penalty,"$3,000",$0,$0,$0,$0,"$3,000",1001394.015
Current Penalty,"$2,100",$0,$0,$0,$0,"$2,100",1001394.015
FTA Penalty,$0,$0,$0,$0,$0,$0,1001394.015
Initial Violations,,,,1,,1,996999.015
Current Violations,,,,1,,1,996999.015
Initial Penalty,$0,$0,$0,$0,$0,$0,996999.015
Current Penalty,$0,$0,$0,$0,$0,$0,996999.015
FTA Penalty,$0,$0,$0,$0,$0,$0,996999.015
Initial Violations,1,,1,,,2,996174.015
Current Violations,2,,,,,2,996174.015
Initial Penalty,"$3,300",$0,"$33,000",$0,$0,"$36,300",996174.015
Current Penalty,"$14,000",$0,$0,$0,$0,"$14,000",996174.015
FTA Penalty,$0,$0,$0,$0,$0,$0,996174.015
Initial Violations,,,,1,,1,995484.015
Current Violations,,,,1,,1,995484.015
Initial Penalty,$0,$0,$0,$0,$0,$0,995484.015
Current Penalty,$0,$0,$0,$0,$0,$0,995484.015
FTA Penalty,$0,$0,$0,$0,$0,$0,995484.015
Initial Violations,1,,,,,1,990144.015
Current Violations,,,,1,,1,990144.015
Initial Penalty,"$7,000",$0,$0,$0,$0,"$7,000",990144.015
Current Penalty,$0,$0,$0,"$4,900",$0,"$4,900",990144.015
FTA Penalty,$0,$0,$0,$0,$0,$0,990144.015
Initial Violations,2,,,,,2,984462.015
Current Violations,,,,2,,2,984462.015
Initial Penalty,"$8,000",$0,$0,$0,$0,"$8,000",984462.015
Current Penalty,$0,$0,$0,"$6,000",$0,"$6,000",984462.015
FTA Penalty,$0,$0,$0,$0,$0,$0,984462.015
Initial Violations,,,,1,,1,317205078.0
Current Violations,,,,1,,1,317205078.0
Initial Penalty,$0,$0,$0,$420,$0,$420,317205078.0
Current Penalty,$0,$0,$0,$420,$0,$420,317205078.0
FTA Penalty,$0,$0,$0,$0,$0,$0,317205078.0
Initial Violations,,,,3,,3,982473.015
Current Violations,,,,2,,2,982473.015
Initial Penalty,$0,$0,$0,$0,$0,$0,982473.015
Current Penalty,$0,$0,$0,$0,$0,$0,982473.015
FTA Penalty,$0,$0,$0,$0,$0,$0,982473.015
Initial Violations,1,,,1,,2,982470.015
Current Violations,1,,,,,1,982470.015
Initial Penalty,"$3,000",$0,$0,$0,$0,"$3,000",982470.015
Current Penalty,"$2,000",$0,$0,$0,$0,"$2,000",982470.015
FTA Penalty,$0,$0,$0,$0,$0,$0,982470.015
Initial Violations,2,,,,,2,317525467.0
Current Violations,2,,,,,2,317525467.0
Initial Penalty,"$3,000",$0,$0,$0,$0,"$3,000",317525467.0
Current Penalty,"$3,000",$0,$0,$0,$0,"$3,000",317525467.0
FTA Penalty,$0,$0,$0,$0,$0,$0,317525467.0
Initial Violations,,,1,,,1,978119.015
Current Violations,,,1,,,1,978119.015
Initial Penalty,$0,$0,"$27,500",$0,$0,"$27,500",978119.015
Current Penalty,$0,$0,"$13,750",$0,$0,"$13,750",978119.015
FTA Penalty,$0,$0,$0,$0,$0,$0,978119.015
Initial Violations,,,,1,,1,316673888.0
Current Violations,,,,1,,1,316673888.0
Initial Penalty,$0,$0,$0,$420,$0,$420,316673888.0
Current Penalty,$0,$0,$0,$0,$0,$0,316673888.0
FTA Penalty,$0,$0,$0,$0,$0,$0,316673888.0
Initial Violations,1,,,,,1,966978.015
Current Violations,,,,1,,1,966978.015
Initial Penalty,"$3,400",$0,$0,$0,$0,"$3,400",966978.015
Current Penalty,$0,$0,$0,"$2,380",$0,"$2,380",966978.015
FTA Penalty,$0,$0,$0,$0,$0,$0,966978.015
Initial Violations,,,1,,,1,965379.015
Current Violations,1,,,,,1,965379.015
Initial Penalty,$0,$0,"$15,000",$0,$0,"$15,000",965379.015
Current Penalty,"$7,500",$0,$0,$0,$0,"$7,500",965379.015
FTA Penalty,$0,$0,$0,$0,$0,$0,965379.015
Initial Violations,1,,,,,1,316993864.0
Current Violations,1,,,,,1,316993864.0
Initial Penalty,$280,$0,$0,$0,$0,$280,316993864.0
Current Penalty,$280,$0,$0,$0,$0,$280,316993864.0
FTA Penalty,$0,$0,$0,$0,$0,$0,316993864.0
Initial Violations,4,,,3,,7,962378.015
Current Violations,,,,6,,6,962378.015
Initial Penalty,"$12,750",$0,$0,$850,$0,"$13,600",962378.015
Current Penalty,$0,$0,$0,"$3,400",$0,"$3,400",962378.015
FTA Penalty,$0,$0,$0,$0,$0,$0,962378.015
Initial Violations,1,,,,,1,317599496.0
Current Violations,1,,,,,1,317599496.0
Initial Penalty,"$1,575",$0,$0,$0,$0,"$1,575",317599496.0
Current Penalty,"$1,260",$0,$0,$0,$0,"$1,260",317599496.0
FTA Penalty,$0,$0,$0,$0,$0,$0,317599496.0
Initial Violations,1,,,,,1,957918.015
Current Violations,,,,1,,1,957918.015
Initial Penalty,"$3,000",$0,$0,$0,$0,"$3,000",957918.015
Current Penalty,$0,$0,$0,"$2,000",$0,"$2,000",957918.015
FTA Penalty,$0,$0,$0,$0,$0,$0,957918.015
Initial Violations,,,,2,,2,317528206.0
Current Violations,,,,2,,2,317528206.0
Initial Penalty,$0,$0,$0,$0,$0,$0,317528206.0
Current Penalty,$0,$0,$0,$0,$0,$0,317528206.0
FTA Penalty,$0,$0,$0,$0,$0,$0,317528206.0
Initial Violations,2,,,,,2,317428811.0
Current Violations,1,,,,,1,317428811.0
Initial Penalty,"$1,800",$0,$0,$0,$0,"$1,800",317428811.0
Current Penalty,$900,$0,$0,$0,$0,$900,317428811.0
FTA Penalty,$0,$0,$0,$0,$0,$0,317428811.0
Initial Violations,1,,,,,1,952351.015
Current Violations,1,,,,,1,952351.015
Initial Penalty,"$7,000",$0,$0,$0,$0,"$7,000",952351.015
Current Penalty,"$7,000",$0,$0,$0,$0,"$7,000",952351.015
FTA Penalty,$0,$0,$0,$0,$0,$0,952351.015
Initial Violations,2,,,,,2,313751091.0
Current Violations,,,,2,,2,313751091.0
Initial Penalty,"$2,250",$0,$0,$0,$0,"$2,250",313751091.0
Current Penalty,$0,$0,$0,$0,$0,$0,313751091.0
FTA Penalty,$0,$0,$0,$0,$0,$0,313751091.0
Initial Violations,,,,2,,2,313751083.0
Current Violations,,,,1,,1,313751083.0
Initial Penalty,$0,$0,$0,"$1,950",$0,"$1,950",313751083.0
Current Penalty,$0,$0,$0,$0,$0,$0,313751083.0
FTA Penalty,$0,$0,$0,$0,$0,$0,313751083.0
Initial Violations,,,,2,,2,315710384.0
Current Violations,,,,2,,2,315710384.0
Initial Penalty,$0,$0,$0,$0,$0,$0,315710384.0
Current Penalty,$0,$0,$0,$0,$0,$0,315710384.0
FTA Penalty,$0,$0,$0,$0,$0,$0,315710384.0
Initial Violations,1,,,1,,2,313751034.0
Current Violations,,,,1,,1,313751034.0
Initial Penalty,"$1,125",$0,$0,$0,$0,"$1,125",313751034.0
Current Penalty,$0,$0,$0,$500,$0,$500,313751034.0
FTA Penalty,$0,$0,$0,$0,$0,$0,313751034.0
Initial Violations,2,,,,,2,941781.015
Current Violations,2,,,,,2,941781.015
Initial Penalty,"$8,250",$0,$0,$0,$0,"$8,250",941781.015
Current Penalty,"$3,150",$0,$0,$0,$0,"$3,150",941781.015
FTA Penalty,$0,$0,$0,$0,$0,$0,941781.015
Initial Violations,,,,1,,1,317170108.0
Current Violations,,,,1,,1,317170108.0
Initial Penalty,$0,$0,$0,$0,$0,$0,317170108.0
Current Penalty,$0,$0,$0,$0,$0,$0,317170108.0
FTA Penalty,$0,$0,$0,$0,$0,$0,317170108.0
Initial Violations,3,,,,,3,316868322.0
Current Violations,,,,1,,1,316868322.0
Initial Penalty,"$6,000",$0,$0,$0,$0,"$6,000",316868322.0
Current Penalty,$0,$0,$0,"$2,000",$0,"$2,000",316868322.0
FTA Penalty,$0,$0,$0,$0,$0,$0,316868322.0
Initial Violations,1,,,,,1,317224632.0
Current Violations,1,,,,,1,317224632.0
Initial Penalty,"$5,100",$0,$0,$0,$0,"$5,100",317224632.0
Current Penalty,"$3,570",$0,$0,$0,$0,"$3,570",317224632.0
FTA Penalty,$0,$0,$0,$0,$0,$0,317224632.0
Initial Violations,1,,,,,1,924610.015
Current Violations,1,,,,,1,924610.015
Initial Penalty,"$4,000",$0,$0,$0,$0,"$4,000",924610.015
Current Penalty,"$3,000",$0,$0,$0,$0,"$3,000",924610.015
FTA Penalty,$0,$0,$0,$0,$0,$0,924610.015
Initial Violations,,,2,,,2,317058386.0
Current Violations,1,,,,,1,317058386.0
Initial Penalty,$0,$0,"$15,000",$0,$0,"$15,000",317058386.0
Current Penalty,"$5,000",$0,$0,$0,$0,"$5,000",317058386.0
FTA Penalty,$0,$0,$0,$0,$0,$0,317058386.0
Initial Violations,2,,,5,,7,311997944.0
Current Violations,1,,,6,,7,311997944.0
Initial Penalty,"$3,600",$0,$0,$0,$0,"$3,600",311997944.0
Current Penalty,$800,$0,$0,$0,$0,$800,311997944.0
FTA Penalty,$0,$0,$0,$0,$0,$0,311997944.0
Initial Violations,3,,,1,,4,916197.015
Current Violations,,,,3,,3,916197.015
Initial Penalty,"$10,000",$0,$0,$0,$0,"$10,000",916197.015
Current Penalty,$0,$0,$0,"$5,000",$0,"$5,000",916197.015
FTA Penalty,$0,$0,$0,$0,$0,$0,916197.015
Initial Violations,,,,1,,1,317167542.0
Current Violations,,,,1,,1,317167542.0
Initial Penalty,$0,$0,$0,"$5,000",$0,"$5,000",317167542.0
Current Penalty,$0,$0,$0,$500,$0,$500,317167542.0
FTA Penalty,$0,$0,$0,$0,$0,$0,317167542.0
Initial Violations,3,,,,,3,913231.015
Current Violations,,,,3,,3,913231.015
Initial Penalty,"$11,000",$0,$0,$0,$0,"$11,000",913231.015
Current Penalty,$0,$0,$0,"$6,600",$0,"$6,600",913231.015
FTA Penalty,$0,$0,$0,$0,$0,$0,913231.015
Initial Violations,1,,,,,1,317004091.0
Current Violations,1,,,,,1,317004091.0
Initial Penalty,"$1,250",$0,$0,$0,$0,"$1,250",317004091.0
Current Penalty,$625,$0,$0,$0,$0,$625,317004091.0
FTA Penalty,$0,$0,$0,$0,$0,$0,317004091.0
Initial Violations,1,,,1,,2,316774884.0
Current Violations,1,,,1,,2,316774884.0
Initial Penalty,"$4,500",$0,$0,$0,$0,"$4,500",316774884.0
Current Penalty,"$4,500",$0,$0,$0,$0,"$4,500",316774884.0
FTA Penalty,$0,$0,$0,$0,$0,$0,316774884.0
Initial Violations,,,,1,,1,316867464.0
Current Violations,,,,1,,1,316867464.0
Initial Penalty,$0,$0,$0,"$1,000",$0,"$1,000",316867464.0
Current Penalty,$0,$0,$0,"$1,000",$0,"$1,000",316867464.0
FTA Penalty,$0,$0,$0,$0,$0,$0,316867464.0
Initial Violations,2,,1,,,3,895559.015
Current Violations,1,,1,1,,3,895559.015
Initial Penalty,"$11,000",$0,"$33,000",$0,$0,"$44,000",895559.015
Current Penalty,"$6,600",$0,"$7,000","$4,400",$0,"$18,000",895559.015
FTA Penalty,$0,$0,$0,$0,$0,$0,895559.015
Initial Violations,8,,,,,8,892560.015
Current Violations,2,,,1,,3,892560.015
Initial Penalty,"$21,250",$0,$0,$0,$0,"$21,250",892560.015
Current Penalty,"$4,800",$0,$0,$0,$0,"$4,800",892560.015
FTA Penalty,$0,$0,$0,$0,$0,$0,892560.015
Initial Violations,1,,,,,1,891104.015
Current Violations,,,,1,,1,891104.015
Initial Penalty,"$4,400",$0,$0,$0,$0,"$4,400",891104.015
Current Penalty,$0,$0,$0,"$3,000",$0,"$3,000",891104.015
FTA Penalty,$0,$0,$0,$0,$0,$0,891104.015
Initial Violations,1,,,,,1,316972272.0
Current Violations,1,,,,,1,316972272.0
Initial Penalty,"$2,275",$0,$0,$0,$0,"$2,275",316972272.0
Current Penalty,"$1,593",$0,$0,$0,$0,"$1,593",316972272.0
FTA Penalty,$0,$0,$0,$0,$0,$0,316972272.0
Initial Violations,,,,2,,2,315408211.0
Current Violations,,,,2,,2,315408211.0
Initial Penalty,$0,$0,$0,$0,$0,$0,315408211.0
Current Penalty,$0,$0,$0,$0,$0,$0,315408211.0
FTA Penalty,$0,$0,$0,$0,$0,$0,315408211.0
Initial Violations,,,,3,,3,316827617.0
Current Violations,,,,3,,3,316827617.0
Initial Penalty,$0,$0,$0,$0,$0,$0,316827617.0
Current Penalty,$0,$0,$0,$0,$0,$0,316827617.0
FTA Penalty,$0,$0,$0,$0,$0,$0,316827617.0
Initial Violations,,,,2,,2,316604156.0
Current Violations,,,,2,,2,316604156.0
Initial Penalty,$0,$0,$0,$0,$0,$0,316604156.0
Current Penalty,$0,$0,$0,$0,$0,$0,316604156.0
FTA Penalty,$0,$0,$0,$0,$0,$0,316604156.0
Initial Violations,,,,1,,1,316734193.0
Current Violations,,,,1,,1,316734193.0
Initial Penalty,$0,$0,$0,$975,$0,$975,316734193.0
Current Penalty,$0,$0,$0,$0,$0,$0,316734193.0
FTA Penalty,$0,$0,$0,$0,$0,$0,316734193.0
Initial Violations,1,,,,,1,752121.015
Current Violations,1,,,,,1,752121.015
Initial Penalty,"$2,168",$0,$0,$0,$0,"$2,168",752121.015
Current Penalty,"$1,626",$0,$0,$0,$0,"$1,626",752121.015
FTA Penalty,$0,$0,$0,$0,$0,$0,752121.015
Initial Violations,,,,1,,1,315319731.0
Current Violations,,,,1,,1,315319731.0
Initial Penalty,$0,$0,$0,$750,$0,$750,315319731.0
Current Penalty,$0,$0,$0,$750,$0,$750,315319731.0
FTA Penalty,$0,$0,$0,$0,$0,$0,315319731.0
Initial Violations,1,,,,,1,314223884.0
Current Violations,1,,,,,1,314223884.0
Initial Penalty,"$1,125",$0,$0,$0,$0,"$1,125",314223884.0
Current Penalty,$800,$0,$0,$0,$0,$800,314223884.0
FTA Penalty,$0,$0,$0,$0,$0,$0,314223884.0
Initial Violations,,,,1,,1,314999137.0
Current Violations,,,,1,,1,314999137.0
Initial Penalty,$0,$0,$0,$180,$0,$180,314999137.0
Current Penalty,$0,$0,$0,$180,$0,$180,314999137.0
FTA Penalty,$0,$0,$0,$0,$0,$0,314999137.0
Initial Violations,,,,1,,1,316586700.0
Current Violations,,,,1,,1,316586700.0
Initial Penalty,$0,$0,$0,$0,$0,$0,316586700.0
Current Penalty,$0,$0,$0,$0,$0,$0,316586700.0
FTA Penalty,$0,$0,$0,$0,$0,$0,316586700.0
Initial Violations,1,,,2,,3,316572700.0
Current Violations,,,,2,,2,316572700.0
Initial Penalty,"$2,500",$0,$0,$750,$0,"$3,250",316572700.0
Current Penalty,$0,$0,$0,$488,$0,$488,316572700.0
FTA Penalty,$0,$0,$0,$0,$0,$0,316572700.0
Initial Violations,1,,1,1,,3,654839.015
Current Violations,1,,,1,,2,654839.015
Initial Penalty,"$6,600",$0,$220,$0,$0,"$6,820",654839.015
Current Penalty,"$3,300",$0,$0,$0,$0,"$3,300",654839.015
FTA Penalty,$0,$0,$0,$0,$0,$0,654839.015
Initial Violations,2,,,,,2,312075880.0
Current Violations,2,,,,,2,312075880.0
Initial Penalty,"$2,450",$0,$0,$0,$0,"$2,450",312075880.0
Current Penalty,"$2,450",$0,$0,$0,$0,"$2,450",312075880.0
FTA Penalty,$0,$0,$0,$0,$0,$0,312075880.0
Initial Violations,1,,,,,1,460213.015
Current Violations,1,,,,,1,460213.015
Initial Penalty,"$3,000",$0,$0,$0,$0,"$3,000",460213.015
Current Penalty,"$3,000",$0,$0,$0,$0,"$3,000",460213.015
FTA Penalty,$0,$0,$0,$0,$0,$0,460213.015
Initial Violations,,,,1,,1,314577446.0
Current Violations,,,,1,,1,314577446.0
Initial Penalty,$0,$0,$0,$465,$0,$465,314577446.0
Current Penalty,$0,$0,$0,$465,$0,$465,314577446.0
FTA Penalty,$0,$0,$0,$0,$0,$0,314577446.0
Initial Violations,,,,2,,2,316250810.0
Current Violations,,,,2,,2,316250810.0
Initial Penalty,$0,$0,$0,$0,$0,$0,316250810.0
Current Penalty,$0,$0,$0,$0,$0,$0,316250810.0
FTA Penalty,$0,$0,$0,$0,$0,$0,316250810.0
Initial Violations,2,,,1,,3,314829417.0
Current Violations,1,,,2,,3,314829417.0
Initial Penalty,"$13,640",$0,$0,$560,$0,"$14,200",314829417.0
Current Penalty,"$3,375",$0,$0,"$1,120",$0,"$4,495",314829417.0
FTA Penalty,$0,$0,$0,$0,$0,$0,314829417.0
Initial Violations,,,,1,,1,314330556.0
Current Violations,,,,1,,1,314330556.0
Initial Penalty,$0,$0,$0,$420,$0,$420,314330556.0
Current Penalty,$0,$0,$0,$420,$0,$420,314330556.0
FTA Penalty,$0,$0,$0,$0,$0,$0,314330556.0
Initial Violations,1,,,,,1,330703.015
Current Violations,,,,1,,1,330703.015
Initial Penalty,"$7,000",$0,$0,$0,$0,"$7,000",330703.015
Current Penalty,$0,$0,$0,"$3,000",$0,"$3,000",330703.015
FTA Penalty,$0,$0,$0,$0,$0,$0,330703.015
Initial Violations,1,,,3,,4,316338011.0
Current Violations,1,,,3,,4,316338011.0
Initial Penalty,"$1,625",$0,$0,$0,$0,"$1,625",316338011.0
Current Penalty,"$1,625",$0,$0,$0,$0,"$1,625",316338011.0
FTA Penalty,$0,$0,$0,$0,$0,$0,316338011.0
Initial Violations,1,,,,,1,316067958.0
Current Violations,1,,,,,1,316067958.0
Initial Penalty,$750,$0,$0,$0,$0,$750,316067958.0
Current Penalty,$480,$0,$0,$0,$0,$480,316067958.0
FTA Penalty,$0,$0,$0,$0,$0,$0,316067958.0
Initial Violations,,,,2,,2,315316901.0
Current Violations,,,,2,,2,315316901.0
Initial Penalty,$0,$0,$0,$935,$0,$935,315316901.0
Current Penalty,$0,$0,$0,$935,$0,$935,315316901.0
FTA Penalty,$0,$0,$0,$0,$0,$0,315316901.0
Initial Violations,3,,,4,,7,312062946.0
Current Violations,3,,,4,,7,312062946.0
Initial Penalty,"$3,850",$0,$0,$0,$0,"$3,850",312062946.0
Current Penalty,"$3,850",$0,$0,$0,$0,"$3,850",312062946.0
FTA Penalty,$0,$0,$0,$0,$0,$0,312062946.0
Initial Violations,,,,1,,1,316110717.0
Current Violations,,,,1,,1,316110717.0
Initial Penalty,$0,$0,$0,$0,$0,$0,316110717.0
Current Penalty,$0,$0,$0,$0,$0,$0,316110717.0
FTA Penalty,$0,$0,$0,$0,$0,$0,316110717.0
Initial Violations,,,1,1,,2,315751826.0
Current Violations,,,,1,,1,315751826.0
Initial Penalty,$0,$0,"$22,000",$0,$0,"$22,000",315751826.0
Current Penalty,$0,$0,$0,"$5,000",$0,"$5,000",315751826.0
FTA Penalty,$0,$0,$0,$0,$0,$0,315751826.0
Initial Violations,3,,,,,3,315541631.0
Current Violations,3,,,,,3,315541631.0
Initial Penalty,"$6,501",$0,$0,$0,$0,"$6,501",315541631.0
Current Penalty,"$3,034",$0,$0,$0,$0,"$3,034",315541631.0
FTA Penalty,$0,$0,$0,$0,$0,$0,315541631.0
Initial Violations,1,,2,,,3,315751537.0
Current Violations,1,,,1,,2,315751537.0
Initial Penalty,"$4,400",$0,"$26,200",$0,$0,"$30,600",315751537.0
Current Penalty,"$3,300",$0,$0,"$5,000",$0,"$8,300",315751537.0
FTA Penalty,$0,$0,$0,$0,$0,$0,315751537.0
Initial Violations,,,,2,,2,314570243.0
Current Violations,,,,2,,2,314570243.0
Initial Penalty,$0,$0,$0,$560,$0,$560,314570243.0
Current Penalty,$0,$0,$0,$560,$0,$560,314570243.0
FTA Penalty,$0,$0,$0,$0,$0,$0,314570243.0
Initial Violations,,,,1,,1,312057896.0
Current Violations,,,,1,,1,312057896.0
Initial Penalty,$0,$0,$0,$600,$0,$600,312057896.0
Current Penalty,$0,$0,$0,$600,$0,$600,312057896.0
FTA Penalty,$0,$0,$0,$0,$0,$0,312057896.0
Initial Violations,1,,,2,,3,315827824.0
Current Violations,1,,,2,,3,315827824.0
Initial Penalty,"$1,365",$0,$0,$650,$0,"$2,015",315827824.0
Current Penalty,$956,$0,$0,$455,$0,"$1,411",315827824.0
FTA Penalty,$0,$0,$0,$0,$0,$0,315827824.0
Initial Violations,1,,1,,,2,314727058.0
Current Violations,1,,,,,1,314727058.0
Initial Penalty,"$7,000",$0,"$15,000",$0,$0,"$22,000",314727058.0
Current Penalty,"$7,000",$0,$0,$0,$0,"$7,000",314727058.0
FTA Penalty,$0,$0,$0,$0,$0,$0,314727058.0
Initial Violations,,,,1,,1,312054901.0
Current Violations,,,,1,,1,312054901.0
Initial Penalty,$0,$0,$0,$0,$0,$0,312054901.0
Current Penalty,$0,$0,$0,$0,$0,$0,312054901.0
FTA Penalty,$0,$0,$0,$0,$0,$0,312054901.0
Initial Violations,1,,,1,,2,315817122.0
Current Violations,,,,1,,1,315817122.0
Initial Penalty,"$2,700",$0,$0,"$4,500",$0,"$7,200",315817122.0
Current Penalty,$0,$0,$0,"$2,700",$0,"$2,700",315817122.0
FTA Penalty,$0,$0,$0,$0,$0,$0,315817122.0
Initial Violations,,,,2,,2,316065879.0
Current Violations,,,,2,,2,316065879.0
Initial Penalty,$0,$0,$0,$0,$0,$0,316065879.0
Current Penalty,$0,$0,$0,$0,$0,$0,316065879.0
FTA Penalty,$0,$0,$0,$0,$0,$0,316065879.0
Initial Violations,1,,,,,1,315918748.0
Current Violations,1,,,,,1,315918748.0
Initial Penalty,"$2,550",$0,$0,$0,$0,"$2,550",315918748.0
Current Penalty,"$1,785",$0,$0,$0,$0,"$1,785",315918748.0
FTA Penalty,$0,$0,$0,$0,$0,$0,315918748.0
Initial Violations,1,,,1,,2,314726423.0
Current Violations,1,,,1,,2,314726423.0
Initial Penalty,"$2,805",$0,$0,$187,$0,"$2,992",314726423.0
Current Penalty,"$1,964",$0,$0,$0,$0,"$1,964",314726423.0
FTA Penalty,$0,$0,$0,$0,$0,$0,314726423.0
Initial Violations,2,,1,1,,4,98356.015
Current Violations,,,,4,,4,98356.015
Initial Penalty,"$6,800",$0,$200,$0,$0,"$7,000",98356.015
Current Penalty,$0,$0,$0,"$5,700",$0,"$5,700",98356.015
FTA Penalty,$0,$0,$0,$0,$0,$0,98356.015
Initial Violations,3,,2,,,5,315502880.0
Current Violations,5,,,,,5,315502880.0
Initial Penalty,"$16,500",$0,"$110,000",$0,$0,"$126,500",315502880.0
Current Penalty,"$35,000",$0,$0,$0,$0,"$35,000",315502880.0
FTA Penalty,$0,$0,$0,$0,$0,$0,315502880.0
Initial Violations,10,,6,2,,18,315502476.0
Current Violations,6,,2,4,,12,315502476.0
Initial Penalty,"$61,000",$0,"$178,000",$0,$0,"$239,000",315502476.0
Current Penalty,"$36,400",$0,"$100,000","$18,600",$0,"$155,000",315502476.0
FTA Penalty,$0,$0,$0,$0,$0,$0,315502476.0
Initial Violations,1,,,3,,4,315477539.0
Current Violations,1,,,3,,4,315477539.0
Initial Penalty,"$3,366",$0,$0,$0,$0,"$3,366",315477539.0
Current Penalty,"$3,366",$0,$0,$0,$0,"$3,366",315477539.0
FTA Penalty,$0,$0,$0,$0,$0,$0,315477539.0
Initial Violations,,,,2,,2,310099916.0
Current Violations,,,,2,,2,310099916.0
Initial Penalty,$0,$0,$0,$100,$0,$100,310099916.0
Current Penalty,$0,$0,$0,$100,$0,$100,310099916.0
FTA Penalty,$0,$0,$0,$0,$0,$0,310099916.0
Initial Violations,1,,,,,1,315550434.0
Current Violations,1,,,,,1,315550434.0
Initial Penalty,"$7,000",$0,$0,$0,$0,"$7,000",315550434.0
Current Penalty,"$4,900",$0,$0,$0,$0,"$4,900",315550434.0
FTA Penalty,$0,$0,$0,$0,$0,$0,315550434.0
Initial Violations,,,,2,,2,314011214.0
Current Violations,,,,2,,2,314011214.0
Initial Penalty,$0,$0,$0,"$4,000",$0,"$4,000",314011214.0
Current Penalty,$0,$0,$0,$100,$0,$100,314011214.0
FTA Penalty,$0,$0,$0,$0,$0,$0,314011214.0
Initial Violations,,,,1,,1,314568205.0
Current Violations,,,,1,,1,314568205.0
Initial Penalty,$0,$0,$0,$750,$0,$750,314568205.0
Current Penalty,$0,$0,$0,$750,$0,$750,314568205.0
FTA Penalty,$0,$0,$0,$0,$0,$0,314568205.0
Initial Violations,,,,4,,4,315285080.0
Current Violations,,,,4,,4,315285080.0
Initial Penalty,$0,$0,$0,$0,$0,$0,315285080.0
Current Penalty,$0,$0,$0,$0,$0,$0,315285080.0
FTA Penalty,$0,$0,$0,$0,$0,$0,315285080.0
Initial Violations,1,,,,,1,314941501.0
Current Violations,,,,1,,1,314941501.0
Initial Penalty,"$1,125",$0,$0,$0,$0,"$1,125",314941501.0
Current Penalty,$0,$0,$0,$100,$0,$100,314941501.0
FTA Penalty,$0,$0,$0,$0,$0,$0,314941501.0
Initial Violations,,,,1,,1,312363500.0
Current Violations,,,,1,,1,312363500.0
Initial Penalty,$0,$0,$0,$750,$0,$750,312363500.0
Current Penalty,$0,$0,$0,$750,$0,$750,312363500.0
FTA Penalty,$0,$0,$0,$0,$0,$0,312363500.0
Initial Violations,,,,2,,2,311996912.0
Current Violations,,,,2,,2,311996912.0
Initial Penalty,$0,$0,$0,"$1,000",$0,"$1,000",311996912.0
Current Penalty,$0,$0,$0,"$1,000",$0,"$1,000",311996912.0
FTA Penalty,$0,$0,$0,$0,$0,$0,311996912.0
Initial Violations,2,,,2,,4,315174250.0
Current Violations,2,,,2,,4,315174250.0
Initial Penalty,"$11,500",$0,$0,$0,$0,"$11,500",315174250.0
Current Penalty,"$5,750",$0,$0,$0,$0,"$5,750",315174250.0
FTA Penalty,$0,$0,$0,$0,$0,$0,315174250.0
Initial Violations,3,,,1,,4,311994693.0
Current Violations,3,,,1,,4,311994693.0
Initial Penalty,"$3,600",$0,$0,$0,$0,"$3,600",311994693.0
Current Penalty,"$3,600",$0,$0,$0,$0,"$3,600",311994693.0
FTA Penalty,$0,$0,$0,$0,$0,$0,311994693.0
Initial Violations,,,,1,,1,315281394.0
Current Violations,,,,1,,1,315281394.0
Initial Penalty,$0,$0,$0,$0,$0,$0,315281394.0
Current Penalty,$0,$0,$0,$0,$0,$0,315281394.0
FTA Penalty,$0,$0,$0,$0,$0,$0,315281394.0
Initial Violations,3,,1,,,4,314715509.0
Current Violations,3,,,1,,4,314715509.0
Initial Penalty,"$10,000",$0,"$6,000",$0,$0,"$16,000",314715509.0
Current Penalty,"$15,000",$0,$0,$0,$0,"$15,000",314715509.0
FTA Penalty,$0,$0,$0,$0,$0,$0,314715509.0
Initial Violations,3,,,1,,4,315178053.0
Current Violations,1,,,1,,2,315178053.0
Initial Penalty,"$8,500",$0,$0,$0,$0,"$8,500",315178053.0
Current Penalty,"$3,400",$0,$0,$0,$0,"$3,400",315178053.0
FTA Penalty,$0,$0,$0,$0,$0,$0,315178053.0
Initial Violations,2,,,1,,3,314276494.0
Current Violations,1,,,1,,2,314276494.0
Initial Penalty,"$14,000",$0,$0,"$1,000",$0,"$15,000",314276494.0
Current Penalty,"$5,600",$0,$0,"$1,000",$0,"$6,600",314276494.0
FTA Penalty,$0,$0,$0,$0,$0,$0,314276494.0
Initial Violations,1,,,,,1,314040999.0
Current Violations,1,,,,,1,314040999.0
Initial Penalty,"$4,000",$0,$0,$0,$0,"$4,000",314040999.0
Current Penalty,"$2,800",$0,$0,$0,$0,"$2,800",314040999.0
FTA Penalty,$0,$0,$0,$0,$0,$0,314040999.0
Initial Violations,1,,,1,,2,314589441.0
Current Violations,1,,,1,,2,314589441.0
Initial Penalty,"$3,740",$0,$0,$0,$0,"$3,740",314589441.0
Current Penalty,"$2,168",$0,$0,$0,$0,"$2,168",314589441.0
FTA Penalty,$0,$0,$0,$0,$0,$0,314589441.0
Initial Violations,,,,2,,2,315001198.0
Current Violations,,,,2,,2,315001198.0
Initial Penalty,$0,$0,$0,$0,$0,$0,315001198.0
Current Penalty,$0,$0,$0,$0,$0,$0,315001198.0
FTA Penalty,$0,$0,$0,$0,$0,$0,315001198.0
Initial Violations,4,,,9,,13,312037963.0
Current Violations,4,,,9,,13,312037963.0
Initial Penalty,"$4,800",$0,$0,$0,$0,"$4,800",312037963.0
Current Penalty,"$4,800",$0,$0,$0,$0,"$4,800",312037963.0
FTA Penalty,$0,$0,$0,$0,$0,$0,312037963.0
Initial Violations,,,,1,,1,315001057.0
Current Violations,,,,1,,1,315001057.0
Initial Penalty,$0,$0,$0,$0,$0,$0,315001057.0
Current Penalty,$0,$0,$0,$0,$0,$0,315001057.0
FTA Penalty,$0,$0,$0,$0,$0,$0,315001057.0
Initial Violations,1,,,,,1,314302365.0
Current Violations,1,,,,,1,314302365.0
Initial Penalty,"$3,150",$0,$0,$0,$0,"$3,150",314302365.0
Current Penalty,"$1,890",$0,$0,$0,$0,"$1,890",314302365.0
FTA Penalty,$0,$0,$0,$0,$0,$0,314302365.0
Initial Violations,2,,,,,2,313760811.0
Current Violations,2,,,,,2,313760811.0
Initial Penalty,"$3,825",$0,$0,$0,$0,"$3,825",313760811.0
Current Penalty,"$2,295",$0,$0,$0,$0,"$2,295",313760811.0
FTA Penalty,$0,$0,$0,$0,$0,$0,313760811.0
Initial Violations,1,,,1,,2,314737834.0
Current Violations,1,,,,,1,314737834.0
Initial Penalty,"$1,500",$0,$0,$0,$0,"$1,500",314737834.0
Current Penalty,"$1,500",$0,$0,$0,$0,"$1,500",314737834.0
FTA Penalty,$0,$0,$0,$0,$0,$0,314737834.0
Initial Violations,,,,2,,2,314658287.0
Current Violations,,,,1,,1,314658287.0
Initial Penalty,$0,$0,$0,$0,$0,$0,314658287.0
Current Penalty,$0,$0,$0,$0,$0,$0,314658287.0
FTA Penalty,$0,$0,$0,$0,$0,$0,314658287.0
Initial Violations,,,,3,,3,313741159.0
Current Violations,,,,3,,3,313741159.0
Initial Penalty,$0,$0,$0,$0,$0,$0,313741159.0
Current Penalty,$0,$0,$0,$0,$0,$0,313741159.0
FTA Penalty,$0,$0,$0,$0,$0,$0,313741159.0
Initial Violations,,,,1,,1,308878610.0
Current Violations,,,,1,,1,308878610.0
Initial Penalty,$0,$0,$0,$0,$0,$0,308878610.0
Current Penalty,$0,$0,$0,$0,$0,$0,308878610.0
FTA Penalty,$0,$0,$0,$0,$0,$0,308878610.0
Initial Violations,2,,,,,2,313847592.0
Current Violations,,,,2,,2,313847592.0
Initial Penalty,"$3,400",$0,$0,$0,$0,"$3,400",313847592.0
Current Penalty,$0,$0,$0,"$1,200",$0,"$1,200",313847592.0
FTA Penalty,$0,$0,$0,$0,$0,$0,313847592.0
Initial Violations,1,,,3,,4,313165953.0
Current Violations,,,,4,,4,313165953.0
Initial Penalty,"$6,750",$0,$0,"$1,030",$0,"$7,780",313165953.0
Current Penalty,$0,$0,$0,"$1,780",$0,"$1,780",313165953.0
FTA Penalty,$0,$0,$0,$0,$0,$0,313165953.0
Initial Violations,,,,1,,1,312663867.0
Current Violations,,,,1,,1,312663867.0
Initial Penalty,$0,$0,$0,$600,$0,$600,312663867.0
Current Penalty,$0,$0,$0,$600,$0,$600,312663867.0
FTA Penalty,$0,$0,$0,$0,$0,$0,312663867.0
Initial Violations,,,,1,,1,314256181.0
Current Violations,,,,1,,1,314256181.0
Initial Penalty,$0,$0,$0,$0,$0,$0,314256181.0
Current Penalty,$0,$0,$0,$0,$0,$0,314256181.0
FTA Penalty,$0,$0,$0,$0,$0,$0,314256181.0
Initial Violations,1,,,1,,2,314147109.0
Current Violations,1,,,1,,2,314147109.0
Initial Penalty,"$3,375",$0,$0,$375,$0,"$3,750",314147109.0
Current Penalty,"$2,250",$0,$0,$225,$0,"$2,475",314147109.0
FTA Penalty,$0,$0,$0,$0,$0,$0,314147109.0
Initial Violations,1,,,1,,2,314539800.0
Current Violations,1,,,1,,2,314539800.0
Initial Penalty,$788,$0,$0,$0,$0,$788,314539800.0
Current Penalty,$788,$0,$0,$0,$0,$788,314539800.0
FTA Penalty,$0,$0,$0,$0,$0,$0,314539800.0
Initial Violations,1,,,1,,2,314489782.0
Current Violations,1,,,1,,2,314489782.0
Initial Penalty,"$1,500",$0,$0,$0,$0,"$1,500",314489782.0
Current Penalty,"$1,500",$0,$0,$0,$0,"$1,500",314489782.0
FTA Penalty,$0,$0,$0,$0,$0,$0,314489782.0
Initial Violations,1,,,,,1,313831075.0
Current Violations,1,,,,,1,313831075.0
Initial Penalty,"$2,100",$0,$0,$0,$0,"$2,100",313831075.0
Current Penalty,"$1,785",$0,$0,$0,$0,"$1,785",313831075.0
FTA Penalty,$0,$0,$0,$0,$0,$0,313831075.0
Initial Violations,6,,,1,,7,313454191.0
Current Violations,,,,2,,2,313454191.0
Initial Penalty,"$9,350",$0,$0,$0,$0,"$9,350",313454191.0
Current Penalty,$0,$0,$0,$400,$0,$400,313454191.0
FTA Penalty,$0,$0,$0,$0,$0,$0,313454191.0
Initial Violations,4,,,3,,7,311391023.0
Current Violations,,,,5,,5,311391023.0
Initial Penalty,"$4,500",$0,$0,"$1,500",$0,"$6,000",311391023.0
Current Penalty,$0,$0,$0,"$1,100",$0,"$1,100",311391023.0
FTA Penalty,$0,$0,$0,$0,$0,$0,311391023.0
Initial Violations,,,,3,,3,312914583.0
Current Violations,,,,3,,3,312914583.0
Initial Penalty,$0,$0,$0,$845,$0,$845,312914583.0
Current Penalty,$0,$0,$0,$845,$0,$845,312914583.0
FTA Penalty,$0,$0,$0,$0,$0,$0,312914583.0
Initial Violations,1,,,,,1,313408981.0
Current Violations,1,,,,,1,313408981.0
Initial Penalty,"$5,000",$0,$0,$0,$0,"$5,000",313408981.0
Current Penalty,"$2,500",$0,$0,$0,$0,"$2,500",313408981.0
FTA Penalty,$0,$0,$0,$0,$0,$0,313408981.0
Initial Violations,,,,1,,1,313453854.0
Current Violations,,,,1,,1,313453854.0
Initial Penalty,$0,$0,$0,$0,$0,$0,313453854.0
Current Penalty,$0,$0,$0,$0,$0,$0,313453854.0
FTA Penalty,$0,$0,$0,$0,$0,$0,313453854.0
Initial Violations,1,,,,,1,313992299.0
Current Violations,1,,,,,1,313992299.0
Initial Penalty,"$1,500",$0,$0,$0,$0,"$1,500",313992299.0
Current Penalty,$900,$0,$0,$0,$0,$900,313992299.0
FTA Penalty,$0,$0,$0,$0,$0,$0,313992299.0
Initial Violations,,,,6,,6,313152977.0
Current Violations,,,,6,,6,313152977.0
Initial Penalty,$0,$0,$0,"$5,000",$0,"$5,000",313152977.0
Current Penalty,$0,$0,$0,"$3,250",$0,"$3,250",313152977.0
FTA Penalty,$0,$0,$0,$0,$0,$0,313152977.0
